watchers,size
28,852
8,421
4,264
1,4571
1,120
39,1009
1,2008
7,1551
1,140
1,48
3,689
45,209200
4,1694
4,349
83,12879
1,27612
2,164
2,92
1,140
1,216
1,48
1,708
9,158
5,3633
24,9055
3,1432
3,1030
1,876
1,800
3,104
4,104
1,203
1,163
1,412
1,112
2,2338
1,5739
1,48
4,179
8,150
89,99413
1,120
64,444
1,48
2,28192
2,2696
2,15734
51,9170
1,2408
2,117
1,124
3,1921
2,29916
1,48
30,4889
6,7248
5,586
4,23453
6,292
2,90234
2,188
5,9667
2,444
2,600
4,5303
1,120
1,48
2,128
1,48
1,48
1,156
2,48
2,1684
239,241
1,96
2,704
4,324
1,124
1,2968
2,1940
2,688
20,1446
6,126625
33,2830
3,4026
4,114388
2,104
1,112
2,3400
1,88
1,316
1,48
1,100
1,468
6,11266
1,648
1,2044
1,48
1,484
2,231
4,5437
1,180
1,1372
23,940
13,359
16,3780
20,245
2,209
3,15171
5,2269
2,168
2,34064
2,7328
4,192
2,23152
5,8235
2,2636
1,440
1,796
1,180
1,112
3,1080
99,200
2,3888
1,208
16,244
9,175
8,6082
17,318
4,362
2,112
1,352
1,224
1,424
1,564
1,100
2203,1491
1,48
6,119
21,333
5,1788
31,557
4,21531
5,17942
4,1589
13,188580
2,108
1,4764
1,2309
1,112
1,404
1,24956
450,291
1,359
1,112
42,1461
1,344
2,224
12,4802
7,2748
4,35854
3,33445
1,549
5,8370
2,96
1,124
1,176
1,48
1,132
1,164
24,53433
1,136
2,120
1,108
1,3442
1,128
1,392
1,213
1,328
1,664
1,132
40,501
1,150
2,916
7,11742
79,7098
7,301
4,84216
2,1535
2,776
1,48
3,150
2,48
1,996
1,136
3,99671
1,5044
71,140625
1,260
302,1529
13,119
5,2267
6,124
6,2519
2,11014
8,415
3,176
2,252
4,195
6,2297
1,48
1,48
2,147
4,3224
1,4551
1,1284
1,5556
2,820
1,144
16,11746
1,108
184,6942
2,532
2,660
1,1560
2,15915
1,48
1,48
1,104
11,234
8,6845
6,1393
10,422
2,23550
1,48
1,92
4,120
1,600
5,456
3,300
1,132
2,3992
1,7364
33,117
1,132
1,3298
2,9792
18,1913
1,48
19,86796
48,678
4,19185
5,45782
2,104
1,63273
2,17999
2,9267
1,89
2,110
1,331
2,118
133,213
1,104
1,476
1,48
1,188
1,100
1,48
3,107252
1,48
1,48
1,148
1,1284
1,1600
6,184
1,120
1,668
6,718
5,98398
1,584
1,48
1,122
2,422
4,2052
3,468
14,863
5,13436
5,44265
9,3784
4,6440
1,48
2,92
22,1254
1,33840
1,168
1,164
1,100
1,2224
1,116
1,120
1,328
5,158
1,180
23,27926
12,1398
4,640
14,1123
5,303
2,115
2,1702
5,577
1,128
5,3877
1,96
1,100
1,1696
4,224
7,427
20,1899
1,100
1,204
1,2431
1,420
18,733
2,364
1,2012
199,18855
2,92
19,614
3,1897
23,512
4,113
3,3280
7,1529
7,492
4,350
1,96
1,106
1,2492
1,300
1,216
1,1268
1,1412
1,104
1,120
1,1144
2,124
2,282
1313,5502
1,48
1,164
1,108
2,299
523,1054
1,456
16,7479
1,129
313,3872
2,12455
8,165
82,1180
3,1925
14,1529
7,141
2,116
15,29609
2,148
1,48
1,216
3,344
1,888
1,48
2,156
1,120
2,108
1,1440
1,160
2,2468
1,1640
388,871
5,160
49,196
4,172
5,1559
2,90
1,216
1,204
1,340
1,48
1,120
2,104
1,188
1,428
2,2775
8,4068
26,2595
1,112
395,8917
1,1412
1,168
3,587
7,551
1,88
1,48
3,1568
186,710
1,48
3,126
1,410
1,276
3,1205
2,116
2,222
7,104
1,672
1,152
3,297
1,48
33,621
22,455
11,400
1,48
6,177
2,1392
8,420
2,112
1,100
25,72741
1,196
1,124
1,48
1,120
1,180
6,8768
2,116
1,27927
1180,1288
2,104
1,100
1,116
1,96
1,6132
1,104
1,9312
2,4928
1,2064
1,2636
1,5504
1,30776
1,292
1,2028
1,108
1,2344
2,100
1,3000
52,202
61,21241
5,19027
14,2521
3,130
1,148
3,396
93,4158
25,1446
11,124
2,128
173,303
1,88
1,1571
3,2134
29,250
2,200
1,92
1,48
1,184
2,872
1,72
1,120
1,156
1,136
3,7040
1,120
15,154
18,965
3,244
1,100
2,104
2,3084
1,329
3,984
1,264
2,136
1,112
1,277
1,124
2,116
1,2120
34,59405
1,48
1,48
9,202
1,220
1,48
1,48
473,12700
9,1946
3,120
3,7000
1,48
1,2804
1,100
1,48
1,108
1,9300
2,101
1,140
3,1353
9,257
1,180
1,332
1,121
3,60995
1,1824
18,1092
10,4919
9,3180
2,1400
12,140
2,28540
1,48
1,172
3,178
2,548
12,889
4,748
1,2304
2,2052
3,94
4,136
2,852
10,12060
2,128
2,97
5,167
3,3053
1,160
1,234
1,144
1,92
1,236
1,48
1,136
1,3316
1,48
2,16104
1,48
1,96
1,92
1,192
27,10763
18,25813
3,121135
1,7722
96,100
3,3515
2,204
4,91
2,1632
2,1359
1,48
4,124
1,678
2,1264
1,48
1,328
16,579
1,108
1,148
5,288
1,68962
1,48
44,5710
11,232
1,96
1,3076
1,5088
1,208
1,48
1,108
1,100
1,204
1,48
1,112
1,112
3,104
6,120
8,228
190,34317
5,21733
5,316
4,12072
1,48
33,506
3,147
1,92
1,88
1,112
1,96
1,48
3,176
2,208
3,224
1,25348
1,2048
1,208
1,328
1,124
1,592
1,100
2,9241
9,7891
2,114470
2,236
5,620
81,2766
107,14090
2,2320
2,2214682
2,21088
1,48
2,48104
20,762
15,7043
1,112
2,164
1,1232
1,112
1,1024
1,128
1,88
1,156
1,929
1,112
3,1544
3,17018
2,156
1,120
7,872
2,8972
5,1592
2,100
2,2059
4,18171
1,472
1,48
2,94324
1,220
2,104
5,108971
35,5126
1,124
9,195
1,412
3,8002
1,156
266,190048
3,1687
1,9680
283,224
44,144
229,601
14,395
18,1104
4,108
4,100
1,48
1,1877
2,624
3,272
1,156
1,2404
1,488
1,48
1,6278
1,11784
3,806
1,48
9,3734
1,622
1,224
3,11374
6,784
2,212
47,365
212,16600
11,402351
5,141
2,248
2,810
2,344
2,48
1,116
1,144
1,48
1,160
1,4664
3,308
2,112
2,12827
1,108
1,452
1,120
1,168
61,181
3,324
37,2259
1772,81240
235,674
18,603
4,18812
18,194
1,48
1,140
4,1145
1,124
6,4037
3,80
3,7434
1,92
1,116
1,48
1,128
1,676
4,5668
1,48
2,8544
13,4828
1,944
1,2692
29,12791
33,11196
17,314
17,94260
10,984
2,4196
2,25900
2,1124
3,132
1,98
1,136
1,156
1,48
2,2688
1,120
4,246
5,152
1,96
205,333526
2,96
12,2795
2,99
2,148
2,2982
2,106
1,451
1,796
1,96
1,1400
1,162
1,48
6,188
1,572
1,1272
38,2316
3,96
1,333
15,14460
22,3051
2,9543
4,824
3,432
11,2416
1,48
3,4188
4,4352
1,120
1,15576
1,96
1,5068
1,712
9,112
2,1280
2,104
3,1832
1,2476
38,6493
90,6713
7,113
2,156
2,12731
9,169
1,888
1,48
1,2274
1,168
10,358
1,1721
3,42048
2,14660
1,160
1,7157
15,237
2,968
8,1443
66,414
127,143590
33,576
3,1479
1,1744
3,183801
6,21666
14,5929
22,3977
21,1240
25,68772
6,3306
6,298
1,176
8,476
1,48
1,124
1,48
2,408
1,116
1,48
5,120
1,108
1,172
3,485
1,120
3,236
1,548
1,2452
7,619
35,3414
1,28276
8,131
9,166
4,17974
29,232
8,2808
2,112
2,100
2,492
2,3738
1,172
1,1567
17,2401
5,722
1,112
1,48
1,48
3,224
13,2663
1,128
1,892
11,116
1,2356
1,2616
11,1551
1,48
2,320
1,48
3,51785
1,1212
4,174
554,527
3,2318
2,172
1,100508
9,260
1,112
1,112
1,48
1,304
6,156
1,48
1,1340
1,4024
23,9439
1,5756
3,1240
1,48
4,3841
58,8090
1,312
13,12171
23,649
1,100
1,192
4,458
1,7360
1,368
2,3148
3,132
4,148
1,208
1,421
1,320
1,3412
17,15633
1,524
473,227069
7,1154
1,260
55,187
86,433
46,857
1,88
9,604
6,3883
4,552
6,900
3,1660
1,88
6,14782
2,2180
6,11826
3,105
2,96
1,152
1,92
6,13436
3,1370
1,29660
2,3516
457,520
1,112
1,2136
1,104
3,129
7,5414
2,204
2,392
721,1424
45,113
13,3079
11,115
8,400
57,507
8,469
3,40768
2,337
4,1081
1,4520
1,168
3,20684
1,88
1,2228
7,116
1,208
1,4072
6,2791
1,2344
82,24894
1,180
1,140
727,67433
9,2818
12,106
2,1564
1,48
10,2054
5,5764
8,140
2,8616
1,1472
1,5584
1,2278
1,65992
1,348
1,108
2,562
1,116
1,1676
5,692
2,112
3,14588
11,17297
14,847
2,1353
290,5220
29,111
58,11669
17,52043
11,514
4,1217
29,2338
4,136
4,114
2,92
3,172
1,12328
1,228
53,471
1,452
1,408
1,48
1,48
1,104
1,144
2,3712
1,96
1,96
3,300
1,124
3,1360
1,48
2,385
1,5273
574,43952
1,48
12,6515
14,524
26,1134
2,728
1,48
1,48
1,992
3,30157
2,368
5,97865
1,1271
1,104
4,2104
1,48
1,48
5,618
2,552
3,241
1,4668
1,48
1,108
4,12228
1,48
1,48
18,1097
1,184
2,128
1,2936
1,400
330,7802
2,828
2,335
1,108
3,4096
6,104
3,208
3,251
85,22402
6,3946
1,3116
1,96
1,48
12,5376
1,108
1,168
2,399
1,1676
2,786
11,27269
1,220
5549,4935
774,51954
367,14343
9,1194
16,3004
2,2244
14,1734
8,1152
1,116
1,116
1,232
1,48
1,104
1,48
1,128
47,631
3,156
1,1729
1,172
1,116
14,135572
436,1142
1,500
1,11963
1,228
3,135
140,763
6,2163
26,3992
1,48
2,824
2,228
4,27223
10,8829
1,112
2,6753
1,1352
24,174
4,1215
1,114673
11,843
1,280
1,164
1,48
1,100
1,176
1,48
1,256
1,251
1,108
135,7101
2,392
1,99420
4,1041
119,650
1,720
1,400
8,220
1,148
2,104
6,1247
15,109
14,138
1,66612
1,112
1,120
1,136
1,6792
1,8837
1,48
2,168
3,1319
1,408
1,108
1,472
1,132
2,3632
1,48
1,1072
20,133
2,17750
1,184
2,148
1,112
3,10113
1,7172
1,604
1,22068
1,26420
1,23964
1,144
3,190
1,116
1,1048
1,8028
15,373
1,566
1,2623
1,24903
1,48
2,312
1,48
3,108
2,3468
1,404
2,124
1,1336
1,136
1,6032
6,285
6,36415
13,135
2,1254
3,2065
6,4625
16,200
1,196
1,1032
1,160
1,1476
1,340
1,116
1,528
1,581
1,160
1,48
1,269
1,104
4,108
5,124
2,2028
1,152
20,3267
18,1665
1,1352
1,241
100,1961
32,2395
8,144
8,276
9,638
371,3425
1,168
3,436
5,137
2,48
2,2036
1,1412
1,116
415,5708
8,272
1,288
99,501656
3,1482
4,4624
3,3350
1,96
2,100
3,12750
2,3292
1,124
41,19092
1,192
1,128
25,400
4,42300
9,387
1,124
2,89
2,1224
1,504
1,349
1,106
3,135
1,189
7,100
1,536
2,2308
1,46173
1,3008
2,1491
1,304
1,1055
2,124
2,116100
1,116
174,287
11,9990
35,200
47,867
164,17701
7,171
2,2278
1,356
8,457
2,248
2,381
1,48
2,192
1,12441
11,2692
1,48
1,48
1,92
2,236
1,256
1,420
4,8442
1,432
6,89
1,88
6,828
1,156
2,9524
2,532
1,1764
3,3364
1,116
16,375184
2,120
19,1907
1,116
2,48
4,204
2,71200
2,75003
1,14824
2,180
3,3412
1,48
1,364
2,92
1,194648
1,3816
6,258
1,188
1,6603
1,108
1,128
3,2744
2,823
4,1764
1,764
1,2516
1,134
8,803
1,1348
3,1094
9,137
1,140
1,48
1,532
1,3239
1,156
3,476
83,431
1,63404
4,156
4,56189
9,471
5,128
1,3864
1,5408
1,92
1,17485
1,124
3,280
1,31116
1,528
1,152
1,1836
1,252
1,100
1,28760
1,824
10,131897
1,2924
1,156
1,116312
1,104
1,9582
2,2836
38,403
1,48
22,476617
1,48
1,11572
2,96
22,1122
1,3080
2,1830
1,1167
18,223
16,119400
7,529
6,92
2,140
1,671
1,132
1,88
1,48
6,324
1,516
1,936
1,96
1,92
1,640
1,244
2,860
1,88
1,88
2,254
1,92
1,180
1,228
1,1439
1,88
1,48
1,272
72,253
3,3848
7,172
1,28148
4,112
2,129
1,100
1,96
2,20578
2,176
2,48
1,112
154,3487
2,1883
1,3736
1,380
1,11220
41,1192
1,112
4,62976
1,6196
1,48
7,1909
31,36453
13,4894
1,96
12,663
1,150
1,368
1,29056
1,5360
3,2668
1,128
1,1068
1,1204
1,100
1,168
1,240
1,1428
2,381
2,92
1,100
36,107
16,205
7,1360
6657,18403
16,2453
13,110
11,24844
18,307
10,372
9,258
1,48
1,2380
1,48
1,48
4,90
7,555
1,2468
2,240
7,179
11,22337
3,2308
519,18446
2,1769
1,124
126,692
1,100
1,168
1,140
1,181
1,156
1,100991
49,20552
1,96
3,109312
2,890
1,12618
194,45304
102,256
5,787
4,395
1,48
2,968
3,472
1,1052
3,824
1,289
1,88960
1,48
1,320
1,48
1,136
1,1796
1,120
1,1048
1,220
1,88
9,540
20,196
9,1939
3,2701
5,679
3,1203
2,203
3,4178
2,1985
4,336
2,336
1,48
2,616060
5,669
4,2807
39,343
1,220
1,4576
2,4719
1,48
1,2276
1,3278
1,5891
2,1685
1,4480
2,5615
1,5092
1,48
1,92
1,5980
2,548
1,265
7,6063
1,48
1,136
1,9852
1,39248
1,163
3,3124
2,216
2,1644
987,10100
1,1084
5,7567
11,5993
7,154
6,450
3,6638
1,380
2,192
435,36391
1,406
1,3315
1,48
1,48
4,505
1,196
1,216
2,136
1,92
1,48
2,136
1,100
2,140
3,116
1,744
1,1680
1,92
1,716
1,120
26,31237
2,288
53,6033
1,2472
488,30210
4,5451
91,750
867,216
7,409
5,126
87,1202
1,157
3,108
69,23074
1,108
1,1364
1,10180
1,5320
4,652
1,180
1,42024
1,2437
2,232
44,149
131,1094
27,18144
1,168
1,532
3,96
1,92
1,1420
14,4680
1,48
3,469
1,4142
1,108
1,272
3,1847
2,92
3,86
1,92
3,83605
1,184
1,3852
1,152
1,116
1,30032
1,48
2,164
1,15055
1,123
3,156
1,96
1,144
1,2902
1,96
1,16224
2,15888
2,136
1,208
1,112
1,14748
22,12791
3,11409
7,199
1,120
8,152
1,624
1,756
2,9281
100,42945
1,18555
1,76
1,472
1,95
1,2172
580,765
2,1126
1,48
36,10085
37,13371
18,119
3,4086
2,88
5,120
1,280
1,100
1,96
1,88
23,8813
5,508
1,88
4,116
1,312
146,5566
1,640
1,96
1,6736
2,116
1,124
5,9527
1,8508
2,92
1,48
4,327
62,3108
3,564
2,312
1,156
2,3120
33,4467
1,88
1,2256
1,48
1,96
376,99017
1,112
3,2808
1,720
1,48
1,148
1,312
2,29193
1,902
73,407
1,944
2,604
1,112
1,14568
12,2779
16,320
5,8440
99,35613
4,6771
1,92
1,488
1,188
89,1632
2,5964
3,358
1,204
2,180
1,92
1,332
1,92
4,6524
1,1480
1,30044
1,120
1,2387
7,950
1,48
1,92
5,311
1,96
4,636
1,113
1,443
1,148
2,2928
1,2278
1,48
1,188
1,200
1,130
2,2417
1,23444
142,23873
1,100
1,5090
1,112
1,100
10,2161
1,48
8,95
1,192
1,648
1,160
10,3443
1,2996
4,768
11,151
30,12286
1,48
2,1503
1,3332
1,124
1,124
4,1244
35,928
1,828
2,4431
1,1440
1,317
1,48
13,52011
45,36899
6,944
7,2842
2,3400
2,5279
1,880
3,212
4,136
1,360
2,6454
1,120
193,458
1,116
1,3688
1,184
1,156
1,1420
1,48
1,100
1,116
3,1563
7,70920
14,183
1,328
1,96
2,10060
1,368
1,836
1,120
1,527
2,120
1,1532
37,2931
1,313
144,883
6,1192
2,116
6,823
2,124287
3,158
1,752
1,7756
1,92
1,48
1,216
3,2650
1,88
1,888
1,13596
1,708
4,168
1,376
1,125
13,4263
4,2108
10,551
4,10950
2,196
10,2920
4,791
5,814
2,4711
1,100
1,24620
1,48
1,120
1,2304
1,260
1,92
1,108
1,48
1,48
1,108
1,120
1,48
1,1252
5,435
2,1027
1,48
1,804
1,232
13,514
2,113
1,96
9,3812
1,100
3,7801
1,92
1,1048
1,90
1,148
1,120
1,104
1,120
5,221
3,511
1,112
10,2219
5,112
5,316
1,392
1,1911
1,1345
53,180788
1,246
3,251
4,1100
3,285
10,122
1,11418
1,5628
2,1076
18,100
7,992
1,1240
2,172
1,124
1,264
1,2796
1,322
1,2499
1,48
2,55142
1,3677
1,100
1,196
1,412492
1,69906
1,100
1,5952
1,136
1,36999
1,224
1,131
1,2320
1,2030
1,2091
1,7416
1,1340
1,190
1,1436
1,49469
1,112
11,4817
1,18992
1,372
1,452
1,144
1,26908
1,308
2,116
1,3328
1,384
583,19383
6,2992
2,48
2,240
2,116
1,112
1,48
1,1868
2,338
1,4702
2,5494
2,320
1,96
2,708
2,864
1,296
6,252
1,152
1,284
2,108
1,3392
2,1652
2,404
2,246
4,5832
9,442
2,104
1,132
3,483
1,440
2,128
1,128
4,111551
1,1172
1,104
1976,82737
3,2780
1,532
13,19261
2,712
149,14757
1,186
1,1376
2,104
2,5592
2,21848
1,176
399,1113
1,2251
71,1816
1,6784
26,1462
33,158
4,487
5,280
13,245
1,3332
5,233
1,256
2,38214
1,88
1,988
1,92
1,208
17,2793
1,296
1,3055
3,2513
3,484
1,176
2,612
10,104
4,197
2,96
14,261
2,876
1,600
37,929
3,820
43,1065
46,1109
2,498
41,1631
9,512
1,48
1,176
19,604
2,140
1,152
1,120
1,112
1,912
1,104
1,96
169,24212
1,96
1,92
3,3196
71,9205
1,160
1,204
25,129
26,502
2,53436
1,48
3,168
1,267
1,92
1,48
1,120
5,436
3,10746
87,629
1,148
1,120
1,108
2,392
1,1492
1,639
1,128
1,48
4,453
2,1387
1,161124
1,884
11,322
22,178
7,758
6,177
3,619
7,1728
2,88
2,1054
2,41042
1,112
2,1736
1,728
1,4204
1,108
1,176
1,120
1,188
1,48
1,104
1,388
1,2008
2316,9541
2,92
1,48
2,356
2,1803
3,788
4,1309
3,6306
3,6292
18,135
3,143
79,34786
2,1860
8,2406
35,63560
2,1411
2,129
1,48
2,1386
1,5524
1,268
2,33500
1,120
1,3612
1,100
1,604
1,156
6,3232
1,108
1,1644
1,132
5,334
12,654
2,140
3,144
1,118
1,48
5,170
2,196
1,96
3,128
41,2949
3,93756
10,4327
1,115
13,123
1,48
1,268
1,92
2,6836
1,108
1,125
1,300
1,244
2,4154
1,8105
1,92
1,5762
1,13808
1,100
1,115
4,3635
1,2864
3,3589
8,76808
3,1442
20,107
2,1232
1,48
1,92
1,97
1,440
2,4080
5,5808
186,3650
1,824
1,108
1,13992
2,1680
1,112
1,48
2,2852
131,1721
1,216
1,108
2,104
1,136
2,168
1,280
10,204
1,5136
2,31203
1,628
1,288
2,1288
1,356
1,492
139,1422
8,66076
11,2217
13,1465
1,748
1,1136
2,116
2,1458
2,1268
5,100
1,164
25,347
1,48
4,142
1,152
1,124
1,312
1,136
2,1428
3,7972
11,113
1,92
1,22100
2,400792
2,4104
1,88
1,76
1,48
1,140
2,2556
1,258
1,104
1,11296
3,160
1,180
1,732
1,240
2,104
57,270
7,948
1,200
1,116
1,3316
1,48
6,15180
2,22821
2,5996
7,3619
1,48
1,48
5,16224
2,256
2,3472
1,94812
1,1072
1,12900
1,92
2,688
1,232
2,634
1,48
159,6578
1,484
1,196
1,957
3,10888
1,100
1,6740
1,48
75,1532
1,83696
4,87
5,554
12,5454
1,104
8,1959
4,9938
15,15495
128,12414
1,2288
1,152
1,48
2,4702
2,589
1,807
1,966
1,172
1,176
3,2677
2,107
2,305348
1,4004
1,123
1,1024
1,196
1,5368
1,132
3,532
2,334
1,75424
9,496
3,104
9,6389
9,262
1,996
1,48
1,180
1,48
1,48
1,5608
1,172
3,134
2,568
2,6533
1,152
2,124
1,48
1,104
1,6604
1,216
7,97
2,85
1,29048
42,617
32,128
2,213
5,5726
4,114436
6,99769
1,92
2611,314925
1,92
2,8775
2,664
1,566
1,48
64,2316
1,144
1,629
11,19678
109,364
4,717
1,1520
1,132
1,324
1,5868
1,48
1,4816
37,182
943,4513
189,21774
1,612
14,112
11,108733
68,269
3,2061
8,388
615,501953
5,592
1,48
2,27704
7,2139
1,112
1,31132
1,88
2,732
3,2965
1,100
1,92
1,92
1,312
1,11324
1,128
2,3644
1,200
209,155870
1,48
11,773
1,108
4,1989
1,92
3,1791
1,10824
1,336
2,180
4,733
1,952
13,653
6,23411
6,121
2,132
3,3400
1,112
6,304
1,92
1,128
2,112
1,288
21,1327
62,5624
3,767
2,124
1,48
1,232
8,375
1,1016
1,140
3,5288
1,304
1,100
2,555
24,929
27,126
11,2628
8,390054
2,128
1,48
2,1332
1,116
1,5528
14,699
1,270184
1,116
1,1492
1,48
3,120
2,10392
1,3008
1,140
1,248
1,396
54,60242
1,104
1,108
2,202
2,436
1,172
2,2655
19,2545
2,74120
2,88
2,1600
1,424
1,108
2,156
1,136
32,248
6,845
1,196
1,680
1,572
3,5208
1,8316
1,88
1,272
1,33020
1,9564
2,220
2,1416
1,296
1,592
1,7628
1,340
1,87612
1,440
54,175809
12,219
14,488
44,400
2,2048
833,2776
4,135
2,148
1,394
4,2062
12,802
1,140
2,224
1,156
2,104
3,144
3,240
1,184
1,132
1,448
1,534
1,96
26,14942
2,11372
914,75881
16,2880
67,145
27,416
6,162
4,1645
10,1374
1,636
1,48
6,1937
1,48
3,2317
1,128
1,6476
3,181
3478,3961
1,100
1,92
6,316
2,3184
1,2336
1,492
36,3940
689,348
88,494
3,2492
3,30733
1,319
1,48
2,4916
7,921
7,121
7,265
10,1153
2,92
2,568
1,140
1,92
1,212
1,108
1,136
1,143
2,5264
1,48
1,120
1,112
1,1172
1,132
1,34020
1220,25566
1,121
2,96
16,1364
1,35833
2,1624
30,5446
1,48
150,13311
14,32144
14,21299
4,2575
2,479
1,48
5,110
10,132
1,264
2,1728
1,156
9,146
3,100
2,164
1769,1025
1,4698
1,148
1,23404
1,252
2,258
1,96
9,1847
3,195304
1,132
45,11135
6,101
16,229
68,146
16,4561
2,360
8,132
5,463
3,907
19,857
5,144
1,92
10,8868
1,92
1,100
1,96
9,1947
86,2146
3,24773
1,1244
1,19183
3,105
1,36624
4,292
6,82963
1,88
1,796
1,152
1,48
3,3284
4,9516
3,44072
1,48
1,156
4,180
1,48
1,25456
1,96
1,392
1,216
1,120
2,690
281,2238
1,268
1,2748
1,96
26,2523
2,168
5,1544
1,88
2,9384
2,248
1,120
1281,23682
1,1676
5,156
1,96
1,118
1,116
1,48
1,92
21,5103
110,385
1,96
2,116
1,264
190,3964
1,12281
16,324
9,149
1,216
1,108
1,48
1,100
13,462
2,116
1,48
2,669
1,92
2,19440
1,824
1,1796
1,2772
1,144
6,568
1,92
3,300
1,124
2,100
1,92
2,48756
30,187
30,24181
10,2376
23,107555
38,902
7,1372
8,3226
7,90
5,1837
2,368
4,438
1,708
1,48
1,388
1,104
1,116
1,48
5,174
1,140
1,29392
3,125
1,168
1,304
1,100
2,168
1,96
1,104
2,472
1,48
1,148
1,120
8,2250
2,116
2,11860
4,320
1,268
176,124
1,100
3,8438
15,363
4,6677
2,3062
3,17845
1,2423
2,990
3,110
1,200
1,1384
1,381
1,2000
1,315
1,268
1,200
1,48
1,88
1,408
1,96
1,181
1,232
2,5618
21,834
1,48
1,116
3,388
1,119
1,172
1,48
21,1704
31,12286
8,509
2,5242
3,6693
1,124
1,5534
1,96
1,580
1,92
2,92
1,412
1,48
1,136
2,432
1,48
1,980
7,546
1,1856
7,5874
1,128
1,100
1,2383
10,452
1,48
3,184
2,25176
2,104
1,92
1,29212
1,5544
1,1008
1,210
20,1310
3,515
1,276
2,122
10,97
1,108
10,2780
1,2576
4,1108
1,100
42,147289
13,665
26,300
2,156
9,3087
1,8005
5,90
1,108
1,208
5,244
1,120
1,248
1,4956
2,348
1,1276
1,116
3,413
25,220
7,5222
3,40633
2,6024
5,402
1,756
1,100
3,732
66,630143
1,48
2,130
1,5948
1,5783
1,160
59,6981
1,288
1,48
2,1022
4,751
3,1756
1,108
1,104
1,108
1,132
1,92
1,92
1,92
951,3542
40,1541
29,541
1,120
3,94
2,156
6,618
2,116
1,1112
1,232
1,48
1,92
5,3279
94,1222
1,112
1,112
1,1320
3,1768
2,100
1,92
2,109
13,225
8,13830
3,369
5,2008
2,1214
2,120
723,861
1,7128
1,104
2,192
1,96
1,48
1,144
1,3300
1,1568
2,208
3,459428
1,784
36,351
1,364
1,148
1,3816
2,104
24,79081
9,34886
3,252
16,401
6,1660
1,96
1,92
1,148
718,8944
2,172
8,173
1,128
1,48
3,2617
4,94965
3,119
1,100
6,8370
2,749
1,48
3,107
1,53903
1,92
1,96
3,21639
1,48
2,3152
3,824
4,114
1,240
1,108
35,52884
1,57674
2,29410
1,244
4,264
62,4440
1,6535
6,3360
4,100809
2,585
3,94
2,47750
1,48
1,284
41,2999
1,172
1,1360
1,644
1,124
2,60508
1,3744
2,248
2,168
2,4076
1,148
26,390
1,572
2,96
1,436
1,160
53,2255
1,892
1560,222984
400,168
7,10665
1,191
6,11117
1,156
50,765
1,149
4,116
1,600
1,192
2,676
1,264
2,48
34,1661
1,104
2,94660
7,914
4,12148
198,10063
4,135
11,221
20,13534
1,156
7,428
1,104
2,144
1,124
1,124
1,392
1,1448
1,148
26,40996
6,4856
8,971
3,4656
3,3845
2,1300
1,48
4,72983
3,316
2,20572
1,256
1,5412
1,172
2,791
2,43644
26,873
41,688
1,648
1,92
1,128
1,1199
1,620
1,100
1,148
41,137
3,896
13,190
42,2758
1,48
1,120
5,711
1,1004
1,108
4,101
1,404
1,104
1,116
1,112
4,11563
4,354
1,616
39,2564
36,14694
1,132686
4,6914
1,507408
1,116
1,108
1,352
2,148
1,92
2,659
1,48
1,48
1,136
3,242
1,104
1,320
1,48
1,178
1,108
1,92
1,172
10,2799
1,164
2,568
1,376
1,48
1,13672
14,1491
4,194
1,220
5,376292
1,608
1,100
2,140
4,93
1,100
1,204
9,29433
2,314
217,417
2,148
44,344
2,1070
1,120
1,128
8,12764
1,48
1,96
2,654
1,48
1,124
1,192
1,48
5,1459
1,492
2,224
3,108
1190,4120
1,1740
2,755
1,908
25,635
110,77500
22,1395
4,38164
5,62747
1,48
2,104
8,1118
2,132
1,48
11,108
1,92
7,33693
1,116
1,110
1,25444
2,632
1,587
3,48624
2,116
171,6252
2,1132
5,1548
1,792
1,408
1,524
1561,1062
29,16442
6,1297
14,301
5,216
29,219
1,96
1,96
7,264
10,548
1,240
1,97
1,48
1,492
1,695
144,5939
1,48
1,92
1,208
1,592
1,2312
2,6048
2,2656
1,140
2,672
2,316
1,156
1,3212
1,388
1,3336
1,5996
3,8104
8,7104
4,3012
2,146
2,104
2,109
1,624
1,2312
1,108
1,144
1,126
1,48
5,2008
1,96
4,118
2,704
1,112
39,32922
1,1160
99,27706
7,29172
6,147
9,8981
25,17102
6,488
2,88
1,1192
1,88
2,5954
1,1496
1,24315
37,800
1,104
4,112
23,1042
1,388
8,1393
1,48
4,1440
1,96
6,432
2,27856
1,104
2,158
28,4673
1,92
2,3592
5,209
1,220
1,7744
1,4084
3,25286
2,4560
1,67128
1,170644
1,2644
1,7884
1,300
1,112
1,328
1,852
1,596
1,720
1,92
1,7240
1,812
1,92
1,96
2,32128
169,17262
1,220
1,1504
2,1327
2,204
143,3580
1,2168
1,32860
2,128
227,20314
2,192
1,912
4,10718
20,1740
2,111
17,973
1,100
2,412
4,210
1,2188
2,460
1,92
1,180
1,840
1,5668
1,4698
1,252
1,100
1,100
1,371
4,872
20,3252
3,284
1,132
9,99
3,8608
3,6357
23,409
12,117
1,232
2,8314
1,48
3,107
1,1153
1,48
1,1104
6,15586
1,132
1,102620
1,6336
8,897
3,326
4,2416
20,8005
2,1780
1,452
4,5771
1,212
1,100
7,217
1,4900
1,48
7,94564
14,1866
2,228
4,4768
1,108
1,204
6,30265
122,5729
2,104
1,5495
1,96
1,48
3,32925
1,128
1,276
5,5226
1,112
1,660
4,1685
1,92
4,5944
1,4906
24,744
2,600
1,220
1,48
2,682
1,132
1,96
1,5568
1,128
1,128
44,1014
59,1320
4,684
4,451
3,932
1,8752
5,291
1,136
2,120
1,48
1,628
1,48
1,9212
1,840
1,92
1,164
1,516
5,50884
1,104
1,100
1,48
2,355
9,108
3,10976
6,1899
3,432
4,2768
2,116
1,132
1,189
1,88
1,184
2,186
1,124
1,94
1,48
1,92
1,324
1,387
1,188
1,3496
98,199
1,92
1,504
1,128
6,89349
3,275
3,3756
66,125
10,178
2,119
38,234
2,48
2,124
5,268
2,448
2,8156
6,2023
2,132
3,41329
31,2775
1,88
1,48
1,7656
1,212
1,19136
2,14270
1,136
1,48
1219,29336
2,349
57,2676
9,36861
3,8732
1,15848
1,512
143,29816
14,7999
33,20917
5,5887
26,161
2,121
2,219
1,2195
1,164
5,578
2,116
1,260
1,96
1,284
1,48
1,48
1,140
1,7380
1,48
1,396
1,1920
2,4440
1,1212
1,420
1,4680
1,116
1,472
1,100
1,48
43,95
13,23882
23,107402
9,539
2,1036
3,5155
2,28492
2,2088
2,618
1,48
1,48
4,92
2,828
2,3970
1,48
4,1285
2,3507
1,2732
1,2192
1,872
1,280
1,22032
67,96878
1,746
2,103
2,712
2,10588
2,155
1,1040
1,300862
4,132
56,1605
2,432
2,1242
11,1250
5,7103
2,2304
1,100
2,112
1,2680
1,444
2,452
10,381
1,48
1,516
1,9624
1,25600
1,148
2,772
1,120
38,1849
1,88
5,244
1,100
2,3131
3,1048
1,11472
1,2440
2,664
1,49788
2,4632
1,988
7,239
12,2132
2,415
1,48
1,6283
2,1676
3,1437
3,3528
110,3592
1,256
1,96
1,48
1,680
1,92
1,424
3,163
1,392
1,100
4,2100
1,2338
1,108
1,48
1,124
1,1194
1,581
1,355
7,535
1,3370
3,20192
1,48
9,1698
4,15069
15,1611
11,219
3,57551
6,251043
12,4714
4,136
1,132
1,124
3,1300
6,132
1,48
3,6373
1,116
1,3816
2,14645
1,124
6,157
1,108
1,124
1,144
1,368
1,1308
1,108
2,1004
1,109
1,1916
1,85076
3,2054
1,102084
94,1489
3,143
3,1075
2,2528
1,94252
1,424
40,124
1,112
2,1612
1,5836
1,48
1,220
1,108
1,202
1,116
1,96
1,125
1,92
1,484
1,104
1,257
2,3269
35,5147
2,140
1,1468
1,104
1,96
1,248
291,412
1,132
6,6325
4,2597
2,1833
3,280
3,145
1,48
1,48
1,148
1,380
21,3401
1,140
4,293
2,108
1,124
8,1439
2,1013
1,168
1,116
3,96
26,220
1,2392
1,688
8,119
1,212
1,3516
15,2244
1,1013
80,257
5,1806
1,723
12,834831
6,98
6,442
1,100
7,116
1,207
1,108
1,92
2,1484
10,6862
1,48
1,115
2,376
1,148
1,508
1,837
1,48
1,7936
2,168
1,996
8,8807
1,212
1,220
1,236
2,173
7,190
2,2136
6,150
3,392
1,120
1,39296
3,127
4,8556
1,48
1,4628
1,8360
1,10072
1,48
1,48
3,208
1,28136
1,48
1,88
6,17234
2,20642
1,792
2,106
18,389
2,152
5,107
1,221
1,872
10,39588
3,296
2,88
5,395
3,2095
117,300
11,109
1,48
1,48
2,196
3,62
1,368
3,495
1,92
1,88
4,1076
1,48
86,501
2,92
4,107204
65,792
1,5636
1,3200
5,57640
1,2656
66,981
1,6364
477,5825
6,319
2,124
2,97
3,1208
1,214
2,378
506,5331
1,48
18,6576
3,14044
1,48
1,140
1,266
1,2035
73,513
1,92
3,220
1,128
756,184
1,652
1,456
1,148
4,127
35,167
4,160
3,124
1,101
3,312
1,116
1,116
10,109
1,96
1,4810
1,1296
1,85
4,128
1,92
1,144
1,48
2,11388
1,112
2,96
6,587
1,116
10,216
1085,248
58,39408
18,108
9,377
2,104
45,557
1,196
4,103
2,532
1,116
2,11422
1,25484
2,1735
1,152
1,79960
3,3028
1,5824
1,88
1,138
11,2134
5,5603
28,630
1,4959
15,171
25,129
7,764
3,104
1,156
1,2942
1,2528
7,11610
1,7552
1,134
1,312
1,3384
1,48
1,48
1,104
3,112
1,152
1,108
3,4462
11,1310
1,160
1,192
79,4118
7,10978
13,3405
13,207
3,2269
6,96
2,300
2,2245
27,768
6,5093
3,116
1,4222
2,132
7,4298
5,428
1465,75431
1,776
34,844
2,796
1,150
1,48
1,48
1,200
1,144
5,1202
15,216
1,608
1,292
2,6205
1,96
1,196
45,394
7,104179
3,400
4,249
1,48
3,899
3,1124
1,112
3,1416
1,112
10,1377
1,112
105,2463
1,96
23,380
1,9553
1,116
1,284
2,1820
1,88
4,2349
5,143
1,652
4,2363
2,1268
2,2500
1,452
1,496
1,308
13,4125
195,45987
9,822
2,6412
3,60836
1,116
1,112
1,136
1,628
1,4456
1,2436
1,86893
1,46644
4,392
1,92
1,752
1,2926
205,54041
7,133
1,92
2,13909
1,84
6,1094
2,784
2,129
27,10176
3,111
2,360
5,33365
3,104
5,283
22,27679
1,48
1,88
1,92
1,2452
1,48
371,47083
1,92
1,15492
1,1936
3,3394
1,48
1,160
1,104
1,5108
2,302
1,233
1,339919
3,124
1,2356
10,542
5,9808
1,2404
14,185
5,102
10,440
22,2025
23,278
88,50836
1,336
6,5167
2,48
2,4379
1,124
1,112
2,120
1,132
2,1860
1,92
5,57391
1,668
5,186132
17,47262
57,43737
1,448
1,155459
3,88
1,48
11,67010
3,620
5,2048
4,136259
1,116
1,92
1,5350
1,104
1,116
5,1852
1,116
3,546
1,196
1,112
2,48
1,1452
1,105
2,172
3,4959
1,96
4,1375
2,2056
4,2774
1,260
1,96
10,3829
5,305
9,257
1,121738
8,587
1,19996
3,652
1,48
1,156
1,372
2,2346
1,48
2,1553
2,2812
1,5940
1,104
10,412
1,164
1,368
6,695
231,22109
128,178036
15,4793
3,12064
73,19907
6,7666
22,537
29,315
2,104
1,6752
30,187
3,308
1,48
1,48
1,620
1,168
1,48
1,193
1,42000
1,48
1,48
1,493
1,195836
4,136
2,1272
122,17831
393,93215
101,1359
1,564
17,3536
1,360
1,160
13,15598
3,684
6,6345
541,756
1,228
21,371
1,144
1,116
1,5680
2,172
29,171
3,748
3,9204
1,676
2,1028
1,4952
1,332
3,116
4,104
1,120
1,96
1,116
1,276
30,3023
1,256
1,236
1,112
1,1588
1,1903
1,145
16,2181
11,712
1,104
4,50937
1,188
22,18661
2,152
3,5451
1,92
4,1312
1,5288
2,16640
1,104
2,1292
57,5167
1,48
4,372
1,28101
132,10371
1,440
1,304
1,260
335,2330
2,1037
2,218
95,11084
16,1515
48,2658
4,168
35,117
1,48
3,275
7,5496
1,65951
1,104
1,208
8,183
4,1584
1,48
7,13068
1,128
1,104
1,48
5,112
1,48
4,320
6,13851
1,3048
25,2198
3,9034
3,69157
2,240
4,7538
34,4532
1,712
1,1166
1,104
1,92
1,96
1,48
3,321
1,48
1,48
6,1094
2,1812
2,137
1,1952
16,134
4,2141
56,273
9,33194
23,3307
2,908
7,93
1,112
1,108
13,32431
1,104
4,752
1,156
6,744
1,268
1,1335
1,983
1,5671
1,7524
3,132
2,88
1,348
137,16402
1,8932
1,428
1,2324
2,1473
2,250
1,88
1,92
2,300
2,594
2,182
10,14215
7,1009
25,122289
1,48
5,3693
1,136
5,1735
1,48
1,188
1,23868
1,104
1,124
1,13472
1,2076
1,280
1,92
1,3276
1,2749
468,23050
2,1077
5,96
1,144
3,4708
1,184
2,96
1,48
2,2512
2,8632
2,324
1,208
1,48
29,187
2,740
1,48
2,9253
1,88
4,1186
1,76
1,440
1,92
1,309
1,1196
3,92
1,105
1,104772
3,6631
1,304
1,212
1,15437
1,164
1,274
1,120
1,432
1,124
1,300
4,159432
1,96
1,572
28,54944
2,194
2,5392
2,933
1,4864
5,30294
30,270
1,7859
81,151
36,2303
4,124
2,112
2,6579
2,8433
6,245
1,160
1,48
1,284
1,3154
1,656
1,836
1,88
1,1392
1,220
2,608
1,496
2,262792
1,4426
1,48
1,116
1,3180
3,14192
5,7864
1,144
1,88
2,108
1,92
1,100
7,16070
1,4520
7,7759
2,2117
1,100
1,92
2,96
3,480
1,192
2,132
1,3288
4,43754
222,1602
1,48
69,314
24,8711
1,120
1,3816
1,1860
4,211
1,48
1,344
1,332
1,88
1,88
1,124
1,344
1,48
5,1883
2,1032
2,120
3,415
6,408
2,399
1,116
14,111
5,110
20,2275
2,5636
6,2065
1,48
2,328
1,48
1,92
24,194
1,336
1,6810
1,256
1,5164
1,2916
1,103
10,121131
1,100
2,21786
1,112
2,310
2,116
18,265
15,624
3,140
3,125
34,516
3,586
9,11776
1,500
1,48
1,128
1,48
1,128
1,772
18,758
1,360
1,120
1,48
1,38608
1,204
2,116
1,48
1,48
1,460
2,3216
1,576
1,48
2,140
1,217
1,9093
1,828
1,104
1,925
1,2712
1,4036
1,2336
5,23251
1,152
1,48
4,1684
2,48
3,156
3,956
1,108
4,1690
1,4504
2,9488
1,3176
1,316
1,116
1,130
1,105
1,352
1,6568
343,15149
26,3158
11,119098
7,4399
1,88
24,876
4,104
1,108
2,116
5,1466
1,88
2,1128
9,643
7,124
3,120
1,112
7,689
2,164
1,124
2,4663
6,155
10,236
1,324
9,3144
1,148
1,8232
1,2348
3,1421
12,335
14,133589
10,7268
14,145211
5,963
12,28874
3,4096
2,194
6,96
1,48
1,19108
1,48
2,901
1,2684
2,444
1,116
1,103
1,6589
1,108
1,58068
1,180
1,160
1,104
5,428
1,92
1037,984
1,23448
4,196
3,94
37,6419
37,2608
1,5334
3,1253
1,3352
1,104
1,172
2,336
1,7332
1,96
1,2228
1,129012
6,6631
1,92
1,272
1,156
2,2028
1,1112
1,344
1,164
1,8820
1,100
1,204
1,236
1,2024
1,148
1,216
1,96
1,108
7,296
1,48
1,540
359,53641
3,16615
15,9084
13,149
15,137
161,20462
4,850
5,113
18,12440
2,73044
3,11380
3,90
6,119
1,48
2,3885
1,92
2,1220
1,48
1,88
3,189
1,1313
3,2424
1,668
2,126
1,260
1,104
2,105
6,227
1,133
1,48
1,304
1,127
1,48
2,1295
2,104
86,553
23,213
1,160
1,172
1,600
64,21324
2,452
2,124
1,9604
1,48
1,824
2,96
1,104
420,888
4,32857
2,6920
4,61693
15,122
1,104690
3,484
2,3804
3,109
1,48
2,42398
4,132
2,140
2,112
1,48
1,2684
1,1680
3,3960
1,2504
2,156
1,132
1,1424
1,138
3,3648
1,92
18,2233
1,104
2,226
1,13656
24,5575
2,92
3,332
2,338
6,283
1,3804
3,7389
3,804
1,656
2,192
1,180
3,59886
1,160
20,10836
2,9732
1,2100
17,172
8,100
16,262
18,142
7,356067
8,1773
1,1524
3,3948
2,1811
1,256
11,7569
1,588
3,200
1,18296
1,48
13,593
2,21028
2,204
206,6140
6,138
2,268
3,188
21,364
4,876
1,120
1,10770
1,132
3,291
3,11040
1,100
1,939
1,116
1,19936
1,172
355,34981
1,132
2,108
4,4115
1,5376
1,48
15,119
9,660
8,476
8,242
6,224
6,164
2,283
5,147
112,2251319
1,48
1,92
1,160
1,100
1,88
1,132
1,168
1,48
1,48
1,48
1,1352
8,8704
1,48
1,48
3,131
9,112
1,720
1,108
10,42019
4,362
2400,1356
2,116
4,336
2,97
9,944
1,155383
1,160
1,14208
1,92
4,138
17,23696
13,32031
22,491
34,27125
46,142
2,892
13,32819
3,540
4,1632
4,228
2,90
5,100
1,103
2,1148
1,116
1,2061
8,11084
1,218
1,148
8,353
5,368
1,96
1,11281
3,1001
1,104
1,432
1,92
1,144
1,30032
4,355
1,4679
34,16249
1,212
2,96
7,3180
2,96
2,600
2,618
2,2880
1,48
1,1596
1,176
1,148
1,816
1,328
1,1164
1,318
1,2184
1,152
1,5939
5,112
1,48
1,716
2,3394
1,128
1,116
1,48
1,48
12,296
2,148
14,22446
3,128
437,4740
13,200
2,13120
2,5904
30,408
2,4803
8,542
2,1344
8,1371
7,441
4,168
14,12467
2,660
1,264
1,108
1,168
1,108
1,2128
46,15196
1,8516
1,234
1,144
2,2988
1,1356
3,179
2,120
6,1238
1,48
5,67404
1,48
2,100
1,48
8,337
13,149
1,5176
1,128
3,99
39,13992
1,2744
8,100
1,236
1,4519
1,48
4,66042
1,132
720,115911
45,5383
2,372
2,184116
2,6053
2,7832
2,99
6,184
4,339
1,5772
1,1432
1,492
1,88
1,136
2,21412
4,112
1,144
2,164
1,104
5,124
3,111
1,96
2,156
1,136
1,104
7,159
7,176821
28,274
59,880
3,132
8,1657
14,30729
183,2238
2,300
3,1670
4,248
950,3197
3,525
1,1378
1,3484
2,101
3,192
1,120
1,48
1,112
1,216
1,48
3,156
1,1952
1,1716
1,112
2,144
1,7580
5,120
1,112
176,934
5,648
6,9212
7,133
3,1296
2,144
1,156
6,18337
1,96
2,48
4,172
41,116
1,3729
1,104
2,96
1,48
1,48
1,48
6,32502
4,732
1,92
1,783
37,7165
1,92
26,285
102,360
54,48508
6,767
4,137466
2,292
17,1885
13,31600
3,210
2,104564
1,93
22,245
3,11322
1,88
1,128
1,3062
671,18707
1,340
1,96
9,111
56,695
1,100
4,1508
1,88
1,388
6,7084
1,1640
2,461
3,228
2,4476
3,3902
562,15724
10,310
11,2925
898,263
8,5125
13,217768
93,2907
2,268
29,126395
1,120
47,915
2,31631
1,3012
1,164
1,104
1,92
1,1013
1,680
1,764
1,965
1,2128
1,112
1,3292
3,565
1,2216
1,4876
1,48
1,92
2,1296
1,364
1,136
24,5104
10,166
2,240
6,1541
1,11084
1,1503
3,7407
1,48
1,2172
3,417
1,48
4,681
1,372
1,180
7,2884
2,112
2,5716
1,2293
1,400
1,856
5,120
2,140
1,188
6,800
105,313
1,480
1,124
2,3224
1,48
862,405
3,8275
1,22381
146,1145
1,2584
1212,3819
1,48
7,95677
2,1831
18,158
2,496
1,9672
1,100
2,11118
5,1636
1,436
1,320
6,468
1,144
1,48
1,2240
15,20449
7,131
6,7576
22,6385
2,569
2,106
4,5711
1,48
1,92
6,112
1,100
2,319
2,100
7,108
1,100
2,703
1,448
4,2576
4,1621
2,89
1,8348
1,92
1,3064
113,21752
538,654
14,528
10,340
557,154365
3,9528
3,226
2,86
5,9088
6,1228
1,160
1,92
1,512
1,1463
1,96
1,176
1,936
2,1544
1,48
1,48
1,316
1,104
1,608
1,216
1,1300
1,36652
1,108
193,2750
12,131
1,236
1,92
8,100
2,8716
5,157
1,144
9,495
16,111
1,140
1,124
3,371
1,112
6,93
34,76329
1,628
6,549
1,7580
1,2133
2,14344
1,140
1,108
1,496
1,100
2,672
1,496
1,3188
1,1372
1,169
1,100
1,4283
1,88
1,560
1,256
11,1414
1,48
7,4093
1,2602
5,100
3,610
2,7807
1,2674
2,157
1,124
1,1004
1,376
1,92
1,372
1,124
1,48
53,15549
3,160
1,196
2,3239
1,228
1,276
1,1128
1,161
1,120
2,824
1,1604
1,48
1,100
3,764
1,48
3,36260
2,48
1,92
2,548
3,1764
1,1121
1,2244
3,1220
68,728
1,1871
2,348
1,100
1,228
1,48
2,868
1,100
1,104
1,48
12,2604
5,1048
6,274
1,48
1,136
3,214239
4,3344
2,132
1,104
1,2144
1,884
1,128
6,270
5,2252
1,160
1,104
1,48
30,6692
1,316
4,680
7,104
38,4754
2,1340
3,224
3,243
4,288
1,5419
1,48
173,33367
1,48
4,242
2,88
1,2160
1,48
1,852
1,3767
1,48
1,108
1,2636
2,48
1,48
2,590
1,2472
1,530
2105,695
1,92
1,1456
1,132
9,636
2,828
1,124
1,736
1,222
1,260
52,78462
11,156
4,6722
14,92099
6,1806
1,632
2,328
1,284
1,1268
1,252
1,48
1,204
3,300
1,4232
1,149
1,676
349,255
1,644
1,176
1,132
1,1403
2,2352
1,72
5,96
1,1636
855,937
4,258
8,114
95,120
5,133
2,92
3,1150
6,146
7,140
2,9923
1,992
10,4985
1,48
1,104
1,120
1,590
1,112
1,48
5,1630
1,48
1,104
1,249
34,161
3,100
1,100
1,2788
2,120
1,1328
3,152
382,24023
7,125
2,137
57,16000
2,100
6,6872
1,2920
17,1199
3,22306
1,584
12,356
1,112
1,580
1,104
1,48
1,101
1,132
1,81942
1,116
1,240
46,12339
2,1332
1,260
1,92
1,2492
1,420
1,155
1,250
1,116
1,20503
1,160
1,208
1,121
7,13092
22,190
1,2648
1,3536
1,1328
1,48
1,48
6,318
6,11520
7,2768
3,3988
4,730
6,116
3,29428
1,96
1,94890
2,300
3,1536
2,552
1,88
4,3361
1,84
3,248
1,48
8,4694
1,144
1,1060
1,2832
3,128
411,691
1,136
1,15928
4,90
319,1556
1,48
6,100
3,56283
2,9452
4,163
3,1611
1,168
1,92
6,2922
1,1768
3,380
1,112
1,140
2,1244
1,48
1,48
1,908
1,102868
2,112
1,612
9,3079
1,364
1,12203
1,260
1,2444
1,29706
2,200
16,254
2,2212
156,155
1,48
16,323
1,148
1,48
2,419
11,474
2,12592
3,225
1,3857
2,220
4,107
1,144
1,236
5,488
2,4338
1,10704
2,146
1,360
1,224
3,70772
3,96
1,48
2,240
1,884
2,2756
2,600
10,719
338,13354
36,12022
14,121
9,233
10,151
4,336
1,104
3,113
3,394
1,104
1,104
1,636
1,48
1,2752
1,388
1,48
1,48
285,4085
1,276
1,2138
53,8117
1,10476
2,406
2,124
1,776
690,416
4,97
5,107
2,206
15,230
1,88
1,668
1,152
1,48
2,1760
1,48
1,11371
1,140
1,6891
3,1932
21,11174
132,1289
1,396
1,116
1,128
1,2400
103,708
4,367
17,135
6,4552
6,8908
56,24538
1,424
1,152
1,48
1,88
1,376
1,132
1,104
1,128
1735,32061
2,4595
1,296
1,92
4,112
1,356
1,1860
1,3084
1,104
1,72
2,115
1,1132
1,484
2,120
2,92
1,4848
1,636
1,136
8,2462
6,117
12,61917
8,142
2,9678
32,634
3,1818
1,568
1,928
2,133732
2,184
2,102
1,1104
4,616
2,1171
6,114
1,212
669,28887
1,3080
1,48
2,9404
1,2276
1,48
2,8756
3,931
14,131
3,120
3,3484
4,1052
138,25222
1,288
10,322
1,48
3,108
1,100
60,2043
17,33054
1,116
1,48
3,988
1,48
1,5704
1,921
2,108
1,3564
21,767379
4,112
3,306
1,104
21,128
32,164
12,18650
22,42272
16,7272
5,1357
21,774
3,375
3,1358
284,275
5,828
11,317
3,135
6,4400
3,160
2,18753
2,116
6,41874
1,656
10,99
2,116
1,48
5,119
2,139540
1,108
1,48
1,9695
3,378
1,128052
2,108
1,12520
556,9491
16,951
1,92
1,88
1,784
2,252
1,48
1,1652
1,88
33,1273161
5,1290
1,120
1,48
4,140
1,92
1,3216
1,156
1,120
3,288
1,88
1,104
1,8581
1,676
1,492
5,7562
2,80
1,2668
10,4969
4,56668
2,6713
4,2744
79,1017515
60,2873
34,163
2,116
1,48
6,96
3,416
4,120
12,15299
2,2936
1,136
1,128
2,620
1,96
1,92
1,1012
1,63700
1,720
1,284
1,268
1,48
1,176
2,180
1,100
2,162
1,176
2,1472
1,212
1,338
3,3872
25,117
1,3288
17,7397
1,196
20,386917
30,48168
2,1757
7,292
9,28356
5,337346
10,2661
3,32618
5,100
2,423
1,88
3,421
1,88
1,7788
1,3324
1,4368
4,92
1,100
3,117
3,131
1,4008
1,132
1,1414
3,880
351,254
3,652
28,25994
7,160
44,126
3,498976
1,372
1,180
1,48
1,92
1,300
1,172
14,162
2,152
2,99
2,2689
1,544
2,116
1,140
1,192
1,88
1,112
1,632
2,636
1,100
2,281
1,324
607,1854
11,399
19,390
16,57886
7,6751
3,88870
11,13919
16,50964
6,187
19,957
5,608
33,764
3,2184
6,33779
7,88
3,58209
1,108
3,60680
5,3381
43,234
1,888
3,92
1,48
1,132
5,2110
1,172
1,214
1,1560
1,116
1,88
2,180
1,620
1,1028
2,748
1,152
1,96
1,263
15,284
1,240
2,2464
1,1636
2,1832
1,2166
1,336
2,16675
1,21052
1,152
1,88
3,381
1,132
1,924
1,48
1,148
2,53808
1,120
1,108
1,812
2,198
2,260
1,456
2,6608
600,184
3,100
3,112
1,144
1,3368
1,264
3,15432
7,711
1,560
1,92
6,499
140,96099
3,13300
3,944
1,48
14,617
3,5139
1,164
1,172
1,674
1,100
1,112
2,2504
1,160
1,124
1,236
1,465
59,879
1,92
1,1584
1,368
1,88
1,564
50,1688
1,2388
1,736
1,584
3,27250
189,11871
5,132
16,38605
5098,5790
1,48
6,736
1,124
1,836
22,4832
1,48
1,136
236,180156
1,5924
1,92
1,2020
3,128
1,188
2,116
2,100
1,1544
1,48
2,24920
1,144
1,116
1,100
1,4908
49,467948
1,264
1,8932
1,23736
1,173
902,6676
2,158
1,48
2,93
14,638
7,10368
2,270
1,15660
8,99
1,95
1,96
1,112
1,21324
1,156
1,580
1,156
1,48
1,268
1,48
1,132
16,104
2,4568
1,112
2,473
1,48
32,2515
1,48
3,204
13,35368
4,5388
3,141
1,96
2,144
2,2932
1,48
1,104
1,2895
2,18464
1,48
1,3223
1,88
5,576
4,434
4,548
1,3317
2,144
1,12268
4,224
1,104
3,11740
1,102524
2,132
1,240
5,32847
6,11245
5,6144
9,4159
2,156
2,328
4,380
1,36372
6,11041
1,100
1,270
1,56
1,92
1,238
2,27676
1,13396
1,120
1,261
1,116
2,308
1,232
3,108
1,124
11,541
38,232
1,116
2,409883
1,48
1402,83278
1,6032
2,440
2,1608
2,100
7,250
1,229
2,3720
2,1151
14,382
36,11990
19,706
1,112
9,3438
3,536
7,186
5,181
6,1416
2,160
6,128
2,99
2,2774
2,190
5,12751
2,108
5,244
1,1088
1,104
1,48
5,119
2,112
1,112
1,5528
4,244
3,285
1,116
1,2280
2,148
3,98
1,48
1,234
1,244
1,413
1,332
22,4643
1,48
6,379
1,196
7,1895
1,48
1,129
3,252
76,1783
9,1704
3,736
100,273
117,353
1,18972
1,48
2,288
1,92
1,76
44,5025
1,240
1,10148
1,709
1,216
10,103746
1,99
1,232
3,99
1,300
1,104
22,10423
2,657
2,244
1,196
3,3483
2,7932
4,108
10,2083
1,88
1,376728
2,12712
1,1064
3,376246
1,428
2,180
2,35691
1,120
2,381
1,304
1,5549
57,4775
7,451
1,125
1,108
140,13482
125,36177
1,2823
1,480
1,1256
1,2416
4,93
3,175
1,710
4,7694
8,539
2,5630
1,124
1,48
2,96
2,516
1,396
1,3715
1,48
1,8368
5,8919
1,188
1,152
1,19908
1,48
1,93
1,48
3,2473
1,48
1,8236
1,864
20,42712
1,7004
803,13227
6,8635
1188,45940
4,166648
25,814
21,1847
8,32155
2,290546
2,12138
4,2637
1,48
1,92
1,48
2,1213
1,108
1,92
1,924
1,48
1,48
21,724
1,460
1,1260
3,1213
5,2090
1,264
1,360
1,704
3,1992
1,252
4,5368
2,2203
2,876
1,136
1,859
3,1047
1,11628
1,120
10,388
1,1378
22,107145
1,120
2,584
1,48
1,92
1,48
2,124
1,224
2,5252
2,1384
1,48
1,96
1,92
4,520
2,128
1,156
1,96
1,116
1,136
2,163
2,98
9,17750
1,4768
12,784
13,5444
1,48
1,10092
1,112
2,10422
2,1644
37,4231
27,1996
2,14735
1,116
1,48
1,154
1,328
1,127368
1,120
1,48
1,92
1,4512
2,2620
1,1136
1,140
1,6044
1,112
11,192
18,1261
6,42085
1,208
2,16208
170,73429
34,23262
23,234922
25,559
2,112
5,107
6,1957
2,624
3,7488
7,4223
1,172
1,454
2,89
2,148
3,104403
1,96
2,128
5,112
1,2172
1,272
1,120
2,148
1,972
2,13612
1,2016
2,9767
1,88
1,344
14,101339
2,236
25,6123
2,256
1,2396
2,152
34,154165
1,295
1,2180
17,879
6,310
4,114
4,213
13,10115
5,160
1,48
1,112
1,491
2,145
4,145
1,848
2,752
1,552
1,128
2,92
1,6135
1,752
1,100
2,297
2,220
5,228
1,120
1,642
1,204
1,168
1,192
3,624
2,96
2,1468
1,2456
1,1416
2,944
22,14902
1,2417
1,421
13,18945
1,124
1222,206386
4,623
1,356
4,4540
3,89
9,156
76,180387
118,5933
5,171
14,135
2,213
3,220
1,1808
288,67043
13,99
2,104
3,93
1,31780
1,48
3,80720
1,48
3,608
1,128
2,1996
1,88
2,496
1,108
1,124
1,194
1,120
1,128
2,240
36,23716
39,2538
2,1624
1,11812
69,139
15,253
13,238974
5,15919
1,48
3,596
1,92980
2,236
1,92
7,3072
4,39927
73,4672
1,48
1,1696
1,132
2,136
1,112
2,3636
1,152
2,780
2,6012
15,121
1,204
1,6399
1,120
1,124
4,104
1,124
1,100
1,132
16,1813
2,820
7,206
50,715
191,80194
3,33145
1,28040
41,9152
13,1984
6,31918
2,117
5,3629
2,10162
18,364
2,156
1,31228
6,1765
1,31220
2,922
1,3060
1,48
1,2996
1,108
1,48
1,11269
4,2248
1,48
4,3230
1,409
4,176
1,48
1,124
1,48
1,100
3,3689
1,108
1,128
1,2989
2,204
1,883
1,116
6,128
2,780
1,184
1,276
4,140
10,128
1,82
1,31136
345,11143
1,1016
1,31000
2,31136
1,126
2,132
1,10844
1,796
1,156
1,163
1,324
1,701
1,144
1,48
1,48
2,2456
4,9253
3,457
16,434
59,229
12,500
1,48
2,146
2,241
4,5665
2,160
1,104
1,287
1,48
1,48
1,140
2,544
1,92
1,21028
1,104
3,1372
2,124
1,110
1,132
2,315
1,104
1,2769
1,96
1,622
3,9245
1,108
1,104
32,123
1,96
16,6763
1,748
130,15731
2,35127
5,580
10,100
9,898
3,304
3,6396
4,11213
1,361
5,2453
1,42656
3,8471
1,3564
3,109
1,116
1,2164
1,112
2,175
1,8279
1,112
1,112
1,120
1,111878
1,169
56,182764
12,31048
1,164
3,128
2,1456
1,144
1,89
1,18112
1,48
5,103
2,100
1,52704
1,320
5,160
2,12620
67,192
1,15610
8,129
5,4184
5,630
1,92
2,116
1,148
6,159
1,2611
1,92
1,92
1,848
1,7532
3,483
1,3624
1,48
1,2720
1,4566
4,251520
1,100
14,681
542,1293
173,727
20,187
10,588
22,777
2,2185
1,240
24,240
1,48
1,5796
2,35317
1,1724
1,220
2,2272
1,92
1,316
1,156
1,192
1,8496
1,132
1,5464
1,152
334,15039
6,5626
1,509
1,26714
2,14834
1,440
1,387
1,6964
8,20888
7,109999
4,5760
2,156
7,118
2,3471
2,724
4,287750
8,3644
9,236
1,96
1,2624
1,48
1,196
2,88
1,240
1,11852
1,48
1,132
1,48
1,48
1,48
4,115
2,111
1,2712
11,6745
1,132
1,192
2,260
5,108
2,2784
3,192
5,51630
1,838620
57,146
18,1741
38,440
92,106325
417,91040
2,2803
2,9960
3,9197
8,327
1,5060
1,360
2,190
2,2803
1,48
2,545
2,2172
108,203
2,132
1,112
1,129
44,154
1,2646
1,116
1,2122
1,124
67,19840
17,133
4,144
23,514
1,48
1,208
1,108
2,372
1,88
1,48
2,96
1,41636
1,132
1,144
2,1144
1,17988
1,896
2,254
1,27436
5,21033
412,1301
13,1151
12,1246
3,161346
1,48
4,156
1,2652
1,1020
2,106
3,110
1,364
1,144
3,4031
6,5634
1,48
4,12048
8,267
1,92
8,32504
1,100
4,1716
1,132
11,100853
8,143
8,164
5,2798
40,517
4,316
1,48
1,373
2,134
1,124
1,48
1,1531
3,176
1,215
1,220
1,148
3,409
598,3158
1,1816
1,48
1,568
1,5344
1,2556
1,48
5,91
2,197
7,3296
1,3260
60,750
1,55116
8,82539
2,104
29,81810
10,87546
4,39545
6,83598
1,122
1,28516
4,601
30,256
3,131
9,447
1,100
7,408
2,547
5,132
2,134
21,2624
7,364
4,139
1,192
1303,327
13,33574
1,244
1,116
4,48241
1,1540
254,729
1,3460
1,108
14,145
1,336
1,104
1,140
4,220
1,132
102,190
5,11001
2,252
1,18772
2,637
1,9476
1,164
1,228
1,48
2,184
63,8779
2,14933
2,117
9,140
1,232
3,1780
1,88
5,108
1,104
1,88
1,108
1,100
1,204
1,48
1,284
21,5477
2,313
1,628
1,1820
133,556
1,188
2,140
1,1372
2,220
1,236
22,888
3,23245
1,298
212,28908
1,176
1,708
17,315
24,546
40,6951
1,140
7,108
3,102
6,375
6,92
5,648
13,346
1,48
3,185
2,88
1,285380
1,6892
1,216
1,192
1,976
4,112
1,460
1,232
1,236
1,92
1,156
1,92
2,6448
1,172
3,1876
1,97
1,1512
1,13160
3,254
1,1556
56,162
20,61508
5,2357
2,100
1,172
1,100
2,5804
3,159
1,100
1,236
1,18464
1,48
1,48
2,100
1,104
2,772
1,445
1,48
1,1655
41,653
1,1389
1,432
1,48
1,100
7,120
1,112
1,152
5,350
2,120
1,48
9,2122
1,652
1,96
1,1268
1,120
1,112
1,280
1,349
1,2284
1,116
51,971
1,92
312,1252
1,424
1,6252
4,937
5,464
1,302
5,291
3,149
2,793
4,21883
3,232
3,144
1,388
1,48
2,272
1,100
1,9000
1,3840
5,101668
1,212
2,232
1,48
238,2964
321,4454
7,12832
1,480
1,435
9,342
1,100
19,2328
32,2660
20,4164
9,127
3,5137
1,148
1,220
1,106094
1,48
1,456
1,92
1,1716
5,3204
314,8179
1,236
1,228
2,244
2,3656
2,2356
12,6982
1,132
1,100
1,294
1,216
1,100
1,5896
46,140
4,104
1,2572
1,272
3,1415
1,2276
12,895
3,300
1,108
1,18423
5,135
39,3787
2,796
5,2695
4,354
2,199
1,416
1,223
1,512
1,120
4,4848
1,48
9,100
2,1620
1,48
1,664
1,120
1,4408
1,314
657,27829
1,88
3,16828
1,112
2,58364
1,159
1,140
1,548
3,288
1,104
2,55304
7,1809
1,550
6,10762
3,291
474,376
4,840
1,92
148,121
11,638
20,1720
2,136
32,154
1,48
1,112
2,3889
27,136
1,48
1,72
3,148
1,120
1,176
1,124
1,5500
4,116
1,1004
1,48
1,140
1,1748
1,536
1,3497
5,2597
5,243
1,1908
4,1164
1,345
1,298
39,145
5750,14563
10,123
26,136
167,5265
6,987
1,840
4,5090
2,1180
6,963
1,48
1,844
1,812
2,140
1,92
2,88
4,6480
1,3324
1,708
1,148
1,201
3,620
1,1884
2,354
1,2862
1,164
1,420
2,251
2,168022
1,1184
2,4700
2,933
25,7493
1,960
5,235862
2,108
1,140
1,100
1,92
2,172
1,114780
1,152
12,818
9,687
7,135
1630,17080
17,147
19,127
4,169
1,96
6,124
1,48
2,887
1,132
1,48
3,96
2,180
1,860
11,217
1,328
1,100
1,48
1,2500
1,48
1,88
2,288
1,48
1,108736
1,95
2,400
1,48
1,18252
7,391
1,3511
1,571
2,828
1,180
515,1290
1,48
14,116
2,55180
1,124
9,29808
3,468
1,4616
2,976
24,298
1,48
1,124
2,1012
1,328
3,1358
1,92
1,48
3,389
1,1900
1,5120
1,167900
1,124
1,112
1,96
1,672
51,550
3,418
13,1594
123,17046
12,726
3,6320
1,1044
4,499
1,164
1,108
1,97
1,96
1,140
3,112
6,139
1,108
3,156
1,616
1,180
1,48
1,48
3,8672
1,116
1,352
1,3312
1,116
1,168
3,3972
2,132
5,5483
2,156
11,90
1,88
5,100
22,63145
1,124
1,332
2,306
4,885
1,84
1,48
2,105408
1,48
1,132
1,812
1,120
2,136
1,19440
1,164
1,140
1,164
1,1740
1,48
4,303
1,28156
1,148
1,120
1,108
2,164
2,359
1,268
2,123
13,70182
1,406702
1,164
1,124
1,96
1,1412
4,1978
1,852
115,192
20,18254
6,4065
10,148585
9,5386
15,828
2,164
10,5518
4,420
3,196
2,476
1,100
2,128
2,717
2,584
1,108
1,101
1,108
1,96
1,48
1,1728
1,48
2,104
1,100
1,155
1,92
1,7936
2,718
2,161432
5,26372
1,8226
2,3888
3,142
1,112
10,82213
132,438
61,115153
59,10200
20,75742
20,1206
14,29460
7,189
8,1730
11,2223
16,1434
9,1566
8,411
9,579
13,2172
7,24719
262,7867
11,1109
28,5861
7,5608
7,6174
7,1388
5,197
5,559
11,8797
8,3371
5,478
5,243
6,1564
5,1003
7,230
7,329
6,3163
6,3842
7,977
5,6187
11,292
10,2084
7,26350
26,430
5,4002
19,15624
9,2514
7,196
6,252
6,957
7,4727
6,324
8,1045
7,4160
5,189
5,343
10,3273
5,421
8,316
6,815
5,228
4,16404
7,3257
5,7136
7,1264
5,191
7,312
5,450
9,449
7,16328
7,949
2,3794
7,1749
8,2318
8,114538
5,4102
1,48
1,708
1,48
2,1258
9,1331
7,263
5,280
7,500
5,190
4,5827
1,136
1,48
1,3355
1,135308
7,203
5,1080
6,611
5,207
4,232
5,1399
1,112
8,128
2,1228
7,256
7,1847
5,407
8,982
5,242
1,100
10,82010
4,106151
9,4332
11,982
4,3168
11,11014
9,391
4,182
1,92
2,157
1,672
10,4917
1,88
1,3946
1,48
8,96
6,480
23,9885
11,39405
4,104
2,1528
1,196
1,108
3,184
1,201
2,112
2,344
1,92
1,48
8,1999
1,48
1,20860
1,99
2,440
3,17264
1,533
3,232
1,48
1,312
1,48
4,112
1,491
2,4652
1,1588
1,98
1,128
134,444
25,197
2,153
1,612
1,1216
1,2664
1,6792
2,31548
15,264
4,28659
5,243
17,162
11,912
8,5757
2,979
1,692
4,1849
3,2870
6,787
3,144
3,2234
1,48
1,7583
1,771
1,92
1,300
1,136
1,100
16,1195
1,5484
1,48
1,4657
1,224
1,344
4,597
6,856
69,1673
232,1935
163,52660
2,100
3,143
4,2136
1,3120
1,92
2,116
1,48
1,192
2,820
4,97
2,7354
1,48
1,128
8,102980
1,480
1,168
1,25364
3,256
2,122
2,2936
2,244
2,2452
6,2279
19,114
2,2850
1,10040
10,108
3,91
895,5035
543,22058
46,3523
3,140
5,4899
3,157
3,130
4,14831
2,100
2,92
4,448
1,48
2,132
1,48
8,97
3,343671
2,384
2,3827
1,100
1,218128
1,48
1,184
2,15216
1,2500
1,264
1,576
1,120
1,100
1,48
2,35732
1,4532
1,6524
12,379
1,808
229,1529
1,92
1,657
580,324
5,555
8,3700
39,112
147,17374
2,2188
22,308
11,635
13,459
8,216
3,444
1,260
1,1252
3,144
1,3740
7,1971
1,798
1,172
1,816
1,96
1,2288
1,288
4,171
1,240
2,1519
1,1096
1,89
1,828
3,674
1,196
1,5464
1,6457
5,208161
1,1856
1,2564
1,272
5,140
1,4548
1,232
1,3288
1,3112
1,6037
4,9431
7,95
3,90
3,3909
87,98392
1,100
2,390
2,1413
1,6972
5,241
5,1904
3,496
1,932
1,260
3,100
1,98
2,816
1,2949
2,764
1,96
1,240
6,8943
1,152
3,220
1,48
2,3220
1,172
2,116
1,2000
24,102
2,84000
1,4808
3,501
4,10996
1,28786
3,96
1,76
1,3041
4,214
38,32063
10,186
1,92
1,1144
2,2816
371,5018
12,2664
1,158
5,329005
9,94856
1,104
2,540
3,113
2,971
3,127
1,92
1,48
1,48
1,48
1,1132
1,48
1,48
8,5482
1,2164
1,496
1,6912
1,48
1,48
1,48
1,48
1,48
1,108
1,260
284,355010
1,5100
1,231
2,137
1,48
1,596
1,48
1,2145
1,92
1,108
5,101989
1,96
19,39280
3,104
3,504
1,92
3,422
2,345
2,1200
1,48
2,132
1,116
3,250
2,1728
1,832
1,28672
3,7068
1,121
3,2828
4,154
1,220
7,29780
2,3046
1,132
2,116
2,3064
3,188
1,2124
1,124
2,120
1,100
1,116
1,11196
14,287
5,22688
1,212
1,10277
1,114
1,1408
4,454
8,31495
3,112
1,132776
2,3596
1,4593
2,4838
1,336
76,1545
10,116
2,916
2,1478
10,9844
1,5384
8,6177
1,1908
2,140
7,274
2,196
3,10352
1,384
1,48
1,104
1,148
1,85
1,1660
1,92
1,352
3,161
1,374
1,1512
2,20136
101,4421
2,632
1,188
23,1599
240,663
4,91
1,48
1,128
5,93276
1,48
1,1176
1,128
1,136
1,88
1,48
1,132
1,140
1,1220
1,88
1,104
1,112
1,96
4,874
5,14073
1,48
2,143
2,2301
3,4343
1,136
1,112
1,48
1,912
3,290
1,48
1,96
1,116
2,518
10,281
1,19392
10,50792
1,810
88,179
2,320
2,100
1,7057
1,256
7,69325
1,96
6,3605
1,3444
83,83974
5,2592
122,124570
3,49556
2,97
1,48
1,48
1,96
7,1090
1,48
1,48
1,588
3,574
2,131
1,48
1,48
1,92
2,196
3,100
1,3349
1,196
1,48
1,48
1,48
1,48
1,48
1,100
1,132
1,104
1,48
1,100
1,6422
1,244
1,9430
1,100
1,48
1,536
28,131
1,48
1,308
1,92
1,48
1,1372
15,112
1546,196
11,20384
4,105
49,260
37,15409
2,103
1,92
1,184
1,8432
3,1540
2,48
4,305
1,308
3,6718
3,25964
2,96
2,120
1,565
1,536
1,48
1,48
2,260
1,83
1,148
1,112
1,76
4,99
1,11448
1,48
1,112
1,136
1,248
1,120
2,4744
1,532
3,6541
1,120
1,137582
1,121
6,117
1,139688
97,2512
7,328
9,184
5,82121
19,7966
7,2940
4,140
5,13034
2,56
5,2288
1,4808
2,2466
1,120
1,4476
1,48
1,28408
1,48
1,168
1,828
18,124
1,392
35,2796
2,422
1,1888
2,2629
1,140
2,94
1,340
100,6412
3,2954
4,1158
1,13680
2,250
44,14940
2,2092
3,84312
43,327
1,340
1,48
14,3622
2,704
3,142
2,190
7,420
1,100
1,20488
1,112
1,960
1,5846
1,472
1,4275
1,201802
1,116
1,877
17,3165
1,5244
1,611
1,100
2,99
1,336
1,48
326,6603
1,4756
80,3524
1,754
2,100
2,64740
2,628
1,2641
19,237
4,42075
20,141
5,1374
3,499
12,118
2,19291
1,164
4,301
2,530
1,156
1,48
1,100
3,180
2,120
1,120
1,268
1,144
1,140
1,124
1,48
2,152
1,145
1,108
1,144
1,500
1,2243
1,848
1,92
3,182
2,182
2,757
1,148
1,116
3,652
1,104
2,120
2,232
20,96
1,112
1,472
2,276
2,2396
1,908
4,2839
8,312
3,123
29,212
3,1078682
275,6039
2,36137
3,156
3,785
20,759
2,1597
1,48
1,92
1,48
2,1606
1,408
5,173
1,112
4,85
1,1572
2,240
1,2164
1,5552
1,1275
2,1044
1,88
4,152912
6,748
6,101
15,325
9,2854
4,110
1,172
1,48
1,100
6,327
1,804
1,156
1,120
1029,21257
1,108
3,120
2,328
1,3760
3,667
1,144
2,152
2,93
5,438
8,48416
2,92
4,4422
3,26944
1,200
2,4592
1,748
1,6155
1,143
1,120
1,112
1,188
1,11568
1,10188
1,220
1,136
3,1340
1,3420
1,4312
1,1204
7,285
1,10188
5,1408
158,330
2,89
7,3248
1,1776
5,332
3,228
7,6653
5,842822
1,1411
17,7480
3,2022
6,3005
3,151
2,132
1,132
3,284
2,112
5,9443
1,48
1,768
1,356
1,112
1,492
1,132
1,2612
1,36144
1,116
1,108
1,212
3,101
1,576
1,48
2,2478
2,2192
1,160
2,226
1,244
4,89
1,172
1,38479
1,124
2,952
14,84082
3,1884
2,60717
5,269
1,11746
55,159724
10,47525
2,136
2,2481
2,1140
3,6632
2,913
1,48
1,220
19,4063
1,48
1,96
4,204
1,320
1,308
1,1002552
1,431064
1,236
1,160
1,48
1,1236
1,6072
1,106330
1,1564
1,209368
1,2304
1,90
2,143
3,184
189,3526
1,48
1,140
1,148
3,1684
1,48
1,100
1,55316
1,3056
1,124
1,51532
1,120
1,9140
193,128
3,37426
2,2287
5,8434
3,1017
9,283
1,164
1,724
1,1208
1,48
1,76
1,136
1,3968
1,4164
1,48
4,1274
1,550
4,898
1,184
163,311
1,104
4,89
7,31333
1,3196
1,684
1,91
1,3732
2,907
1,48
1,18260
2,116
2,772
14,2900
11,762
2,96
4,399
1,116
12,11920
3,1849
1,96
1,800
1,96
1,48
1,692
3,2376
1,452
4,115404
1,104
1,3368
1,144
2,162
62,49485
156,2132
4,719
11,6032
10,9637
1,168
1,20018
5,952
2,1235
1,112
1,616
1,1416
1,48
1,88
1,176
1,644
1,1540
1,1332
1,1244
1,539
1,460
1,42860
1,496
1,256
1,100
1,168
1,1092
1,96
1,148
1,220
1,92
1,100
1,48
1,104
1,852
3,58319
1,464
1,116
1,124
1,1844
1,160
1,48
1,48
1,2336
1,5188
2,643
12,811
7,1048
1,140
1,108
3,758
9,898
36,167
6,300
12,146
1,96
1,172
3,1037
6,2891
2,4736
1,560
2,105706
1,48
9,117
1,172
1,24984
1,440
1,544
2,260
1,156
1,48
1,126
1,124
1,120
8,52255
1,1691
2,4724
4,4896
2,553
13,1888
325,233
1,288
1,144
1,448
12,71720
6,142
1,3088
1,904
1,124
68,10539
8,716
1,92
17,13097
5,94
3,255
1,289
7,1301
3,97
1,260
1,92
1,48
3,92
1,88
1,10156
2,8139
1,92
1,152
1,96
3,398
1,596
1,152
2,104
1,272
1,48
1,172
1,88
1,328
3,392
1,128
2,740
1,38097
1,2164
3,2149
2,6734
1,1620
6,56453
7,334
1,96
1,19783
1,21872
2,10144
1,48460
2,15032
1,236
39,1725
3,100
5,109
13,102
2,1968
4,18847
3,142
2,176
1,380
1,112
2,518
1,261
1,48
1,48
1,48
1,48
1,1120
161,25775
2,2516
1,48
1,108
1,140
3,16805
1,1956
1,404
1,48
1,256
3,360
1,496
1,340
1,6476
65,22281
1,11660
1,116
1,48
1,180
1,1164
1,108
1,92
4,5837
3,3031
8,181
2,206
1,7816
1,92
2,154
1,580
1,264
74,225
1,196
1,318
6,188
33,658
6,68634
30,4199
7,4481
4,328
4,4855
7,14857
4205,272284
1,48
5,6653
5,131
1,824
2,48
1,48
1,112
1,32719
1,124
1,3532
1,244
1,92
3,95864
1,1636
1,11724
1,1124
6,9756
3,116
7,487
2,1482
66,1552
10,71666
3,68851
1,48
14,2578
1,68633
4,25104
5,7722
3,1336
2,304
3,5369
1,172
2,111
1,1544
158,8689
1,140
1,48
1,69
1,48
1323,738004
1,3204
3,1238
1,496
1,300
1,116
1,92
3,460
1,1068
3,469
1,128
77,2155
55,10586
1,111
1,108
1,328
4,108
1,88
15,6087
2,228
5,129
21,541
8,141
4,220
2,96
1,48
1,48
1,340
1,3292
1,48
1,105
1,48
2,152
1,180
3,146
3,108
2,104
5,4370
965,92742
242,266206
1,48
1,92
8,5786
4,408
8,5176
77,20823
1,300
1,136
6,4972
6,37211
3,552
1,1756
8,4079
635,154556
2,2076
16,826
60,441
2,112
1,63864
2,128
3,247
6,140
1,3716
1,1560
1,3256
1,104
2,172
1,96
1,1612
1,48
5,244
1,240
1,308
1,48
1,5484
1,140
1,120
1,1684
1,108
1,22196
1,92
1,647
1,92
3,1240
1,124
9,1122
1,156640
10,672
1,3292
188,311
1,104
1,160512
45,549
7,286
3,757
3,1260
4,373
1,980
4,292
1,132
3,141
1,48
1,88
1,200
3,148
1,92
2,385
1,48
1,136
1,114
2,1976
2,1032
1,8376
1,52
1,128
1,52
1,48
1,8616
2,484
1,104
75,221
920,10795
1,104
51,267
1,752
1,29553
1,61572
8,699
2,188
1,2360
3,2908
33,18923
6,957
146,30482
3,1865
6,7338
5,117
2,101
6,309
2,4964
6,118
12,4644
4,552
1,1208
15,212
2,348
18,269
1,124
1,100
1,108
5,460
1,124
1,136
1,48
2,340
1,2488
1,112
1,4656
1,1108
4,233
13,1872
16,222
1,196
1,131
1,124
2,368
1,125
1,92
1,48
1,119
15,244
21,886
7,6894
39,29628
1,2108
11,39330
3,12464
5,66370
9,319
2,248
2,135
1,27471
7,105221
1,108
3,5929
1,48
1,48
4,118
1,372
2,9196
2,110600
1,124
1,132
1,136
1,92
1,48
3,172
1,5408
1,268
4,1321
1,444
1,328
553,5946
1,12728
1,236
3,26124
1,488
1,192
1,96
15,622
213,9091
560,2622
1,48
1,27664
11,2381
6,165
10,107400
3,17393
2,191
1,94
15,1494
2,128
4,472
5,11845
1,668
2,4972
2,40692
2,3768
1,108
1,132
1,48
1,3857
1,103
1,181
2,136
3,636
871,32448
1,640
1,2781
1,93
51,3693
7,1048
1,10500
3,939
1,2720
147,226
1,120
2,2864
1,104
12,264
5,52890
1,868
2,40944
5,17741
1,48
1,96
1,1408
1,92
1,48
1,88
1,104
1,372
1,48
1,484
5,1384
1,100
1,48
4,96
1,1900
2,120
23,203
2,124
2,320
10,40898
1,48
23,113
3,4140
1,11544
7,14814
6,8883
8,3923
1,168
1,328
1,73827
3,140
1,48
18,1344
1,336
4,1930
1,453
68,8039
1,48
1,112
1,75568
1,152
1,220
2,3000
1,48
2,8112
1,880
321,8463
1,88
1,76
1328,3608
1,120
1,116
5,10328
31,4652
1,31264
1,10344
8,1340
1,468
534,1476
10,260
1,48
2111,10896
2,124
1,3724
1,196
1,1476
17,121
1,48
2,124
1,128
2,2084
1,34820
1,156
1,740
2,103
1,1523
2,160
1,100
2,9628
1,152
1,104
1,124
104,380
3,503
2,9344
4,697
1,14596
11,811
1,48
1,1444
1,104
1,48
1,4028
1,800
1,360
3,122
1,48
1,8460
1,116
1,108
1,112
2,736
1,528
2,5090
1,92
2,1539
5,3336
6,152
1,328
20,711
3,96
4,159
2,362
4,51095
20,216
1,101
3,517
2,14379
4,2382
1,6032
1,48
1,48
1,1604
1,92
2,118
5,163
1,48
1,16916
1,684
1,328
1,1724
1,272
2,169
2,10462
1,104
12,21648
3,236
2,2539
78,29509
1,38264
5,1392
3,1084
1,48
16,4832
8,5739
2,2728
15,12652
1,48
1,48
2,160
29,72642
3,26584
1,100
1,132
17,843
1,4268
1,264
1,328
1,48
1,168
1,112
1,1032
1,92
9,148
1,1260
1,1008
2,128
2,98
2,9678
1,276
1,1272
1,9580
61,146
2,69119
1,148
2,14833
7,188887
1,152156
1,2256
1,1476
4,389
6,9612
2,101709
2,2085
1,1514
87,31698
51,306
54,4240
13,211
2,310
14,255
3,2433
16,87
2,140
1,260
1,48
103,225
1,48
4,168
1,48
1,1400
7,1840
1,88
1,188
1,48
1,1228
1,232
1,256
1,48
1,1840
1,76
1,2094
1,1704
2,3611
1,808
1398,2584
2,840
1,140
2,102
3,1388
1,1172
2,648
19,18757
11,2349
5,1089
42,338
4,13389
15,100161
1,48
1,827
1,336
2,168
4,34352
26,10806
1,48
1,48
1,92
1,828
1,48
1,1184
1,308
1,92
1,114
1,48
1,88
1,1808
1,88
1,1920
36,21070
2,2127
1,540
289,993
1,92
1,2804
1,2836
1,2196
3,88
1,264
1,860
1,1192
1,88
37,2640
7,17410
46,508
4,1019
2,96
8,1438
3,21266
1,92
2,17328
1,232
1,4648
1,48
1,104
17,4052
1,21340
1,3865
1,3169
1,112
1,1124
2,169
1,13991
1,48
2,104
1,732
2,204
2,536
1,104
66,62051
3,4040
2,744
1,48
6,1069
2,3395
3,9990
7,164
8,125843
1,152
1,164
3,1124
3,96
1,108
1,48
2,132
1,124
1,112
2,686
4,7215
1,92
2,137
1,2740
3,2468
1,449
1,2345
1,132
1,628
1,144
2,725
8,2076
6,2304
7,139
2,28288
1,83244
11,102
9,16071
28,347
19,44945
4,491
1,48
4,245
2,97
1,48
1,48
90,2065
1,428
1,48
36,8625
1,1252
1,48
1,3524
1,48
7,172
1,660
4,1099
2,1167
1,92
142,5322
67,1227
1,48
16,155
1,80
7,862
2,3060
1,1640
19,196
4,144
1,614
3,10524
2,1217
1,1188
1,96
1,116
1,151
1,1992
1,1552
2,168
1,48
1,240
1,2912
4,6820
1,48
3,736
1,116
3,144
1,14256
1,2384
1,3552
78,500
7,23622
16,120
9,2120
63,4817
12,113
109,35636
6,1157
1,10640
2,78912
4,555
2,112
4,117
2,1488
2,104
1,88
1,48324
1,48
1,164
1,788
1,96
60,220112
1,212
1,529936
29,34450
2,821
7,784
1,99
1,15652
3,343
1,124
2,120
1,156
6,104
1,150
7,1184
1,4268
16,666
9,1486
2,664
8,4511
3,7314
2,672
3,1438
7,32326
3,372
1,1204
1,89
2,477
1,164
1,1031
1,120
1,704
1,980
7,472
1,100
1,124
1,684
3,2241
1,92
1,48
2,8536
17,7724
2,10120
1,1644
1,8768
1,1556
65,30948
1,408
1,112
1,136
2,144
3,744
2,308
49,135
32,914
7,129
64,196741
1,200
29,38825
2,258
2,4646
15,113
14,1197
1,8604
1,11388
2,5435
6,869
1,648
1,92
1,48
1,140
1,560
3,1580
1,396
3,3332
1,124
1,48
1,1002
1,4114
1,232
1,508
6,122
1,4044
1,788
1,555
1,172
1,33828
4,373
272,161
2,1524
25,5683
1,1160
2,8512
21,75912
4,23633
345,1166
10,8424
1,96
3,148
13,1692
1,512
4,103
2,320
2,108
1,92
1,580
3,229
1,356
1,164
1,48
2,930
4,144
1,22759
1,100
1,100
1,136340
3,156
1,48
1,160
91,461
1,92
1,172
1,74
1,92
22,4512
2,128
8,118
6,199
2,542
1,88
2,833
2,177768
2,48
3,112
1,346
2,308
3,101
1,276
1,309
1,384
1,48
1,5415
1,924
1,112
1,280
1,120
4,285
1,138
1,164
1,1276
5,146
2,103
1,5218
1,1052
1,521
4,144
18,24910
8,109790
3,3132
23,1269
3,1675
2,116
1,48
1,100
1,48
5,307
3,21044
2,172
2,9904
13,44620
1,340
1,5495
1,108
1,1996
1,3264
2,128
2,16952
2,1256
1,3708
1,208
1691,1217
1,228
341,19047
1,420
1,92
2,223
2,6112
1,92
1,4892
3,4865
49,329
20,32121
5,1435
1,160
9,119
4,968
2,1400
1,360
4,291
4,136
2,584
2,2700
1,48
1,0
3,1243
1,928
1,48
1,520
1,25180
1,288
1,48
2,196
1,552
75,118
3,130
4,4204
3,8369
1,156
1,48
1,96
1,188
1,144
2,18620
1,96
1,107
1,216
1,324
1,1457
3,692
16,2313
1,48
1,48
2,186
1,3540
3,416
3,112
1,2296
1,412
1,148
1,3992
1,98
1,116
1,1272
1,13468
1,48
1,108
2,1816
157,81512
1,1588
1,92
1,48
3,136
2,88
1,212
1,48
1,48
1,200
1,237
2,704
1,141
2,120
1,48
1,845
1,2160
1,92
1,104
2,93
1,1153
1,2392
1,1288
1,164
2,92
1,336
1,216
2,78786
1,346
9,5050
1,48
73,1082
436,1473
1,92
4,100
12,1257
10,4366
9,171916
7,114078
3,17020
3,92
13,144
4,1090
2,19787
2,240
6,768
2,32088
14,169
3,360
1,104
1,224
1,224
1,256
1,48
1,220
2,48
3,94
1,124
1,48
1,48
1,96
1,372
1,288
1,92
1,128
1,92
1,96
1,92
1,90
1,110
6,1231
3,224
1,1936
3,484
1,632
1,236
1,100
1,1539
1,12596
1,104
1,500
13,249
1,108
2,34615
2,152
1,184
1,488
1,92
11,424
18,120
157,1010
12,54483
4,849
51,3606
15,3037
23,1610
4,448
1,224
3,4477
1,108
1,136
1,48
4,143
1,92
3,6956
1,132
1,3580
2,3400
1,1791
1,48
1,108
1,11492
1,220
1,456
1,441192
2,805
1,7740
9,456
1,100
1,136
1,108
1,7108
1,2275
2,92
18,201
3,5564
1,48
1,116
4,111817
4,12288
2,167
2,110
4,132
1,108
5,482396
1,5048
1,48
53,25841
1,452
1,7980
4,19942
2,93
1,77364
1,184
1,120
2,228
1,89
1,96
1,48
1,48
1,104
1,48
1,92
1,104
3,759
1,96
1,104
1,1308
2,92
1,100
1,96
1,104
1,316
3,412
1,896
1,100
1,96
1,96
1,148
2,272
1,2956
1,2824
2,815
1,9580
1,268
2,556
1,112
4,3106
1,232
1,3568
22,1014
3,192
6,1131
1,6928
4,108
1,104
3,140
1,212
1,342
10,135
4,710
12,544
27,209
4,2465
1,244
6,3374
4,6472
1,96
2,92
1,1392
14,2591
3,137
1,92
1,132
1,104
1,92
2,160
1,1777
1,1512
1,212
1,14792
1,124
2,104
31,4955
3,1196
3,9930
186,22137
210,146
406,27115
1,940
1,101
2,48
2,148
1,100
101,395
1,92
1,48
1,120
2,973
1,1252
2,6109
10,414
1,108
1,204
1,308
7,2186
1,143
1,2812
1,460
7,205
1,1564
1,92
1,1500
1,560
2,75047
256,2525
59,22577
24,4020
40,19802
1,102
7,566
1,939
1,48
1,88
1,144
1,108
1,48
1,2456
1,48
1,48
3,172
1,48
1,172
1,651
1,5372
2,656
49,5532
37,142999
1,184
1,106200
5,233
2,192
1,1460
1,114
162,48612
31,1481291
1,48
26,5216
70,838
2,20094
5,7981
6,659
12,442986
19,258
8,442722
3,5716
2,2288
4,101
3,1188902
1,48
1,92
1,100
3,100
1,48
1,48
1,51396
1,104
2,3558
1,48
1,1876
1,924
1,48
1,108
2,448
2,614
1,10260
3,4068
510,154452
2,608
1,208
1,3536
2,344
1,3804
1,104
1,48
2,128
1,92
5,37042
1,180
1,104
2,444
6,94
12,3964
2,127
2,17800
1,300
3,5593
1,100
6,967
12,1484234
17,317
70,311
5,148
3,4809
1,248
1,711
2,92
2,14071
4,296
5,1094
2,481
4,347
2,116
1,320
1,840
1,6612
1,1128
1,96
3,100
1,48
1,144
1,48
1,259264
1,144
1,333
5,4955
1,116
1,480
1,776
6,249
37,607
1,1000
1,184
13,7629
3,3504
1,23587
2,23539
66,2638
1,904
2,484
1,2901
1,129
6,145
3,505
3,152
1,48
3,533
5,3399
3,164
1,2040
3,250
1,84
28,19269
1,2816
1,516
2,144
2,444
2,112
2,23628
1,604
41,446
6,94
1,269
3,1266
1,572
1,284
4,180
3,792
4,112
1,120
19,1893
12,513
1,96
12,491
2,114
8,11281
82,765
7,116
2,10516
1,48
4,90
3,43804
1,280
4,24313
1,88
1,3155
1,140
1,140
1,31851
1,148
1,48
3,172
1,96
1,100
1,1136
2,124
1,48
1,78
1,612
6,96
1,6469
2,106
3,1468
3,111571
2,2244
1,120
2,104
1,48
1,12304
1,15898
1,568
2,100
12,364
1,328
1,9599
312,3472
5,165
1,48
1,116
1,464
44,893
1,111
1,14720
16,2108
3,102
11,12140
12,114
35,132651
1174,1928
4,253
2,12889
1,8682
4,117
2,244
1,564
1,116
2,156
1,19172
5,1485466
4,725
1,88
58,44239
38,658
31,18133
1,89
7,10992
1,48
1,1265
1,352
3,194
2,22287
1,3272
1,108
2,3952
1,84
1,7080
1,48
3,6072
7,152
1,1201
3,4604
1,152
1,172
1,352
5,660
1,92
1,2240
1,48
4,14346
1,668
1,128
1,342
1,128
1,120
2,164
1,48
2,108
1,136
1,424
2,98
2,192
23,22999
1,96
2,4415
1,140
4,142
8,170
162,1185
14,477
20,119384
2,169
15,52101
4,113
5,137
2,233
15,2575
4,164
1,103
4,196
3,141
1,131
1,900
1,2725
1,352
1,48
1,101
1,6096
1,556
2,110
1,172
1,1072
1,92
1,49672
1,120
1,284
1,113
1,48
1,100
1,108
5,1116
1,1852
1,2004
13,6792
1,3276
1,160
2,352
2,3608
3,92
1,1436
5,16560
1,100
4,110
1,104
1,104
1,104
1,9548
1,100
1,412
2,93220
2,148
1,579522
2443,13811
1,48
1,92
6,176
1,88
2,7628
1,91
5,104717
3,360
1,88
1,48
1,48
2,344
1,318
2,183
2,128
1,3628
2,96
1,1470
1,92
1,164
1,136
129,3699
1,1136
1,96
1,876
1,4500
1,392
1,8348
2,48
1,48
15,341
1,193
1,384
30,7224
1,104
1,17780
1,1448
1,15620
1,188
19,51241
1,13480
1,144
6,25491
1,3340
47,1245
12,160515
1,204
10,2480
1,16968
2,92
1,17112
1,1192
2,4988
5,106
1,1460
8,106
28,389
9,6944
241,816
30,2183
5,514
4,461
1,120
2,421
3,94974
2,116
24,10550
2,88
1,48
1,112
1,48
1,116
4,120
1,676
1,1231
1,3572
1,928
1,4612
1,108
1,224
1,48
1,48
1,7888
1,204
1,148
1,112
1,132
1,128
1,168
1,120
2,356
3,5400
1,112
1,342
1,23152
35,322450
4,6735
88,130
2,6188
9,1427
4,724
9,681
2,376
8,10581
2,47173
2,302
1,88
2,112
3,8235
2,112
1,460
2,48
2,2900
1,1560
1,488
1,491
1,9172
1,556
2,432
1,208
1,92
2,15440
2,812
3,212
1,48
5,349
1,280
92,1069
40,20423
2,1012
1,160
1,1924
2,30524
1,164
2,3512
19,249
1,96
3,812
1,736
1,189
1,89
4,629
2,11760
3,6120
6,97986
1,2354
513,206
1,4312
1,132
2,7628
1,95
2,124
1,48
1,72
1,256
1,120
1,88
1,120
1,428
3,700
1,48
1,1352
1,26108
1,952
117,267
1,508
1,108
1,10587
1,92
5,380
1,332
5,271
367,16218
1,4312
1,48
28,4058
14,162
11,126
1,48
8,1064
4,94
18,128
2,5841
1,48
1,184
1,108
1,120
1,92
2,11380
1,109260
1,100
1,140
1,5648
4,52101
1,48
1,5424
1,144
1,268
4,19657
1,48
3,659
1,680
1,2235
13,196
3,161
1,128
2,158
5,786
1,48
7676,24616
1,96
8,6703
2,305161
16,133
6,1800
7,647
3,5337
5,9466
3,966
3,170
2,194
3,115
3,152
1,400
2,112
4,228
1,328
1,48
1,1040
1,92
1,672
1,96
1,92
1,48
1,100
1,1140
1,120
2,960
2,132
1,52468
2,111
1,120
1,1260
2,112
1,100
1573,17236
2,2112
1,4313
1,4312
47,9937
10,326
6,5101
3,2651
1105,81213
1,5177
2,244
2,9543
3,4549
3,3757
3,13439
3,1167
2,64111
2,142
1,9365
4,4964
1,1364
2,1264
5,21112
1,48
1,88
1,140
2,876
1,108
3,128
1,352
1,160
1,96
1,6648
1,180
1,372
6,336
13,99
1,252
2,136
1,180
9,171027
1,112
27,275
33,3115
1,92
1,908
1,200
2,106
1,152
1,9236
2,10485
1,7148
43,6230
1,48
1,17680
1,342
1,164
3,44671
1,10441
1,404
1,212
1,208
4518,3441
16,2640
79,1688
45,5733
2,96
2,742
2,666531
5,185205
2,3009
3,2164
2,596
1,48
2,462
5,541
18,14020
2,3118
2,95782
2,1683
2,490
2,2496
1,48
1,7420
1,704
1,488
3,2222
2,6346
1,48
2,634
2,331
1,10548
5,500
1,48
1,1220
80,850
8,1851
1,48
1,632
1,244
1,600
1,390
1,112
2,48
1,1308
2,3632
3,512
1,1424
52,3126
1,4648
1,104
5,414
1,88
1,90860
3,4168
79,335
1,116
4,1156
13,340
1,190
67,5415
3,2792
8,182
1,124
5,172
2,2660
2,148
1,168
4,1968
3,2148
6,29537
3,137
54,241
3,167
1,340
5,2450
1,88
2,136
1,48
2,148
1,48
1,172544
1,200
1,820
2,140
1,2684
1,672
2,1704
1,100
1,112
2,136
1,108
2,102
1,48
4,37372
24,3173
1,128
2,876
2,132
1,48
1,916
1,68
1,640
6,93560
1,188
1,1132
1,896
1,128
40,1145
2,9360
1,4024
5,104
2,552
1,9016
2,1068
12,6418
3,91
2,97451
2,1168
13,1164
4,111377
2,1784
2,607
2,2256
1,48
2,51497
1,3376
5,477
1,13028
3,853
1,48
33,259
1,48
2,1011
1,1204
4,1096
1,92
4,447
1,740
1,714
1,48
1,108
3,604
2,381
1,3704
1,188
3,300
1,340
2,571
2,780
1,99
2,81660
1,176
1,179730
1,180
1,96
3,612
2,7375
1,444
4,116
1,96
1,347
1,92
19,631251
11,247
292,26503
1,4313
26,1222
7,1377
5,96
11,524
5,3155
10,395
2,98
2,104
1,48
1,140
3,96
1,88
1,640
1,160
1,704
1,92
1,48
1,5528
1,3192
1,1008
1,336
1,252
2,987
1,96
2,988
1,128
1,100
6,17916
1,48
1,48
1,320
1,3968
1,104
1,48
895,79521
1,188
3,450
1,112
1,104
2,351
2,212
1,264
61,596
12,124
130,633
132,324
17,14889
6,1850
6,92
6,396
258,244
9,9162
3,96
1,412
2,527
1,88
2,2492
1,112
2,220
3,96
3,665
2,100
1,896338
1,2880
1,120
2,108410
1,112
1,509388
1,148
3,789
1,5687
1,96
1,668
92,721
1,428
1,1708
9,2264
1,104
1,96
1,3618
3,772
20,532
1,104
1,1216
4,2069
1,5527
1,4318
5,9510
5,9863
260,9502
5,25299
3,1292
6,4279
3,1736
19,149
2,159
